学校名称（中文,学校名称（英文）,学校类型,所在地区,详细地址,官网网址,联系电话,电子邮箱,学费,课程体系,学校简介
匯基書院東九龍,United Christian College (Kowloon East),直资,观塘区,九龍觀塘利安里2號。,https://www.uccke.edu.hk,23436677,mail@uccke.edu.hk,"$29,800",DSE/國際課程(IB/A-Level),學校秉著神的愛和聖經真理，為每位學生提供優質的基督教全人教育，協助學生發展上帝所賜的天賦潛質，成為有信仰、有道德、有知識、有文化及有理想的人。
伊利沙伯中學,Queen Elizabeth School,官立,油尖旺,九龍旺角洗衣街152號。,https://www.qes.edu.hk,23809621,qesmail@qes.edu.hk,免費 (資助/官立),DSE,提供全人教育，使學生在德智體群美五方面得到理想發展；另透過均衡課程及富啟發性的學習環境，讓學生充分發揮潛能，培養他們成為具有自律、公民責任、關懷及尊敬他人的美德，貫徹校訓「修己善群」的精神。
中華基督教會銘賢書院,CCC Ming Yin College,资助,深水埗,九龍石硤尾偉智街1號。,https://www.cccmyc.edu.hk,27784512,mingyin@cccmyc.edu.hk,免費 (資助/官立),DSE,學校推行「全人教育」，除培養學生具備優良品德、高雅情操與豐富學識外，更期望學生效法基督，嚮往公義，追求真理，得著豐盛的生命。
庇理羅士女子中學,Belilios Public School,官立,东区,香港天后廟道51號。,https://www.belilios.edu.hk,25718018,bps@edb.gov.hk,免費 (資助/官立),DSE,發揚校訓「登高見博」。提供均衡課程，讓學生得到全面發展，養成終身學習精神。培養學生對普世價值持守和尊重，並熱心服務人群。建立一支具備教學熱忱及專業知識的教師隊伍。
瑪利曼中學,Marymount Secondary School,资助,湾仔区,香港跑馬地藍塘道123號。,http://www.mss.edu.hk,25728221,office@mss.edu.hk,免費 (資助/官立),DSE,學校秉承辦學團體「尊重個人尊嚴與價值」之宗旨，為學生提供全面教育。讓學生透過各種學習經驗建立正確之價值觀，成為智慧愛心兼備、關懷別人和富同情心的人。
沙田培英中學,Shatin Pui Ying College,资助,沙田区,新界沙田禾輋邨豐順街9號。,https://www.pyc.edu.hk,26917217,info@pyc.edu.hk,免費 (資助/官立),DSE,以基督精神辦學，注重學生在德、智、體、群、美、靈的發展；鼓勵學生擴闊視野，發揮潛能，並提升學生人文素養，培育領袖，以建立豐盛生命，貢獻社會。
藍田聖保祿中學,St. Paul's School (Lam Tin),资助,观塘区,九龍藍田安田街10號。,https://www.spslt.edu.hk,23472991,school@spslt.edu.hk,免費 (資助/官立),DSE,學校以全人教育為方向，以實踐「為一切人，成為一切」的聖保祿精神為目的，培養學生成為成熟、獨特而具自信的青年。
元朗信義中學,ELCHK Yuen Long Lutheran Secondary School,资助,元朗区,新界天水圍天耀邨第2期。,http://www.yll.edu.hk,24480622,tswyllss@yahoo.com.hk,免費 (資助/官立),DSE,培育學生在基督教育下建立正確的人生觀，以聖經真理、以生命影響生命的精神去引導學生，使他們能以積極的態度去珍惜生命，能堅持不斷學習，發揮潛能。
協恩中學,Heep Yunn School,直资,九龙城,九龍九龍城農圃道1號。,http://www.hys.edu.hk,27110862,hys-mail@hys.edu.hk,"$43,748",DSE/國際課程,學校秉承基督精神，推行全人教育，注重學生德、智、體、群、美、靈六方面發展，並積極培養學生關社愛群的精神及中英兼擅的語文能力。學校鼓勵學生珍惜及發展天賦潛能，在學習範疇及全人發展過程中，力臻美善。
天主教崇德英文書院,Shung Tak Catholic English College,资助,元朗区,新界元朗洪水橋洪德路1號。,https://www.stc.edu.hk,24764263,mail@stc.edu.hk,免費 (資助/官立),DSE,學校以學生為本，兩文三語，五育兼容，培養學生成為能夠獨立思考，明辨是非和關心社會的公民，在社會中扮演積極的角色，以他們工作榮耀上主。
張祝珊英文中學,Cheung Chuk Shan College,资助,东区,香港北角雲景道11號。,http://www.ccsc.edu.hk,25706665,public@live.ccsc.edu.hk,免費 (資助/官立),DSE,提供優質教育，啟發學生之邏輯及創意思維、灌輸正確之道德觀、鍛鍊體魄及意志、培養公民意識，藉以塑造學生成為博學能幹、盡責守禮、仁人愛物之青年。
嘉諾撒聖瑪利書院,St. Mary's Canossian College,资助,油尖旺,九龍柯士甸道162號。,https://www.smcc.hk,27242771,info@smcc.hk,免費 (資助/官立),DSE,以活出基督福音精神為依歸，致力培育學生在靈性及德、智、體、群、美各方面的平衡發展，尤其強調個人潛能的發揮及學生主動、自律和積極求學的精神。
寶血會上智英文書院,Holy Trinity College,资助,深水埗,九龍石硤尾偉智街3號。,http://www.htc.edu.hk,27793220,info@htc.edu.hk,免費 (資助/官立),DSE,以全人發展為目標，學生成績與品德修養並重。把資訊科技設施積極運用於教學方面；鼓勵學生參加課外、校際活動及社會服務工作。
迦密柏雨中學,Carmel Pak U Secondary School,资助,大埔区,新界大埔大元邨。,https://www.cpu.edu.hk,26650078,cpu@cpu.edu.hk,免費 (資助/官立),DSE,按聖經真理提供全人教育，讓學生在德、智、體、群、美和靈育上，得到優質栽培，個人潛能得以啟發。
新界鄉議局元朗區中學,NT Heung Yee Kuk Yuen Long District Secondary School,官立,元朗区,新界元朗教育路123號。,http://www.nthykyldss.edu.hk,24766226,nthykyldss@edb.gov.hk,免費 (資助/官立),DSE,學校致力為學生提供全人教育，使之成為富責任感及積極進取的公民，並竭力誘發學生的潛能，使能適應現今瞬息萬變而充滿挑戰的世界。
香港中國婦女會中學,Hong Kong Chinese Women's Club College,资助,东区,香港西灣河太祥街2號B。,http://www.hkcwcc.edu.hk,25684817,school@hkcwcc.edu.hk,免費 (資助/官立),DSE,學校以「博學篤志」為校訓，旨在提供全面而高質素之教育，培育學生成為學識淵博、品格高尚、追求卓越之英才，並勇於承擔，為社會人群謀福祉。
拔萃女書院,Diocesan Girls' School,直资,油尖旺,九龍佐敦佐敦道1號。,https://www.dgs.edu.hk,22779100,info@dgs.edu.hk,"$42,000",DSE/國際課程,學校秉持追求卓越的辦學理念，冀在現今活躍多變的教育環境中成為高效能教學的楷模，使學生們充分發揮潛能，並樂於以終身學習為目標；而教師們亦能盡展所長，激勵年青一代打破成規，延續卓越表現。
喇沙書院,La Salle College,资助,九龙城,九龍喇沙利道18號。,https://www.lasalle.edu.hk,23387171,info@lasalle.edu.hk,免費 (資助/官立),DSE,推行人文和基督教育幫助年青人充分發展自己，成為完人，發揮四海之內，皆兄弟的精神，從而建立一個和平與正義的世界。
聖母玫瑰書院,Our Lady Of The Rosary College,资助,深水埗,九龍又一村玫瑰街22號。,https://www.olr.edu.hk,23806468,olr@olr.edu.hk,免費 (資助/官立),DSE,學校採用聖鮑思高的「預防教育法」，以理智、宗教及仁愛來教導學生，培養他們獨立思考的能力；並透過多元化活動，使他們成為富公義、負責及關心社會的公民。
拔萃男書院,Diocesan Boys' School,直资,九龙城,九龍旺角亞皆老街131號。,https://www.dbs.edu.hk,27115191,dbshm@dbs.edu.hk,"$63,330",DSE/國際課程(IB/A-Level),拔萃男書院的使命是提供以基督教原則為基礎的自由教育，培養全面發展、品德優良的個人，並培育創意、批判性思維、及多元智能，最大限度發揮學生的各種才華。學校主要關心為學生提供扎實的知識、培養值得尊敬的個人品質，充滿活力的社交和技能，以在這個快速發展的多元社會中取得成功。
旅港開平商會中學,Hoi Ping Chamber of Commerce Secondary School,资助,九龙城,九龍何文田石鼓街22號。,http://www.hpccss.edu.hk,27123107,school@hpccss.edu.hk,免費 (資助/官立),DSE,培養學生良好品格、積極人生觀、愛心、責任感、高尚情操及公民意識；傳授社會需求的知識；訓練獨立思考與自學能力，鼓勵勤奮上進，促進身心健康成長。
沙田崇真中學,Shatin Tsung Tsin Secondary School,资助,沙田区,新界沙田大圍美田路1號。,http://www.sttss.edu.hk,26073881,info@sttss.edu.hk,免費 (資助/官立),DSE,培育學生成為具備五項特質(自律、為人設想、可靠、主動、樂於服務)及三項才能(溝通能力、解難能力、自學能力)的沙崇人，從而發揮自己，服務社群。
優才楊殷有娣書院,G.T. (Ellen Yeung) College,直资,西贡区,將軍澳調景嶺嶺光街10號。,https://www.gtcollege.edu.hk,25356867,secondary@gtcollege.edu.hk,"$39,600",DSE/國際課程(IB/A-Level),學校的使命是為社會培育優秀的科技和領袖人才。學校重視培養品德、提高學養。愛心、創意、勤奮是學校的教育目標。
浸信會呂明才中學,Baptist Lui Ming Choi Secondary School,资助,沙田区,新界沙田瀝源邨。,https://www.blmcss.edu.hk,26922161,info@blmcss.edu.hk,免費 (資助/官立),DSE,以輔導、學業、活動及福音「四足鼎立」作總方向，達致「全人教育」。透過資訊科技的學習與運用，閱讀習慣的培養，讓學生能建立自我終身學習的能力。
播道書院,Evangel College,直资,西贡区,新界將軍澳至善街7號。,https://www.evangel.edu.hk,23661802,info@evangel.edu.hk,"$30,300",DSE,以聖經真理為基礎，為青少年提供全人教育及優質教育，建立正確生活價值觀，啟發潛能，以達致靈、德、智、體、群、美均衡發展。
真光女書院,True Light Girls' College,资助,油尖旺,九龍窩打老道54號A。,http://www.tlgc.edu.hk,23851491,tlg-mail@hkedcity.net,免費 (資助/官立),DSE,勤學策惰、敦品立行、互敬互愛；為己發熱、為世發光。
聖士提反女子中學,St. Stephen's Girls' College,资助,中西区,香港列堤頓道2號。,https://www.ssgc.edu.hk,25492522,ssgc@ssgc.edu.hk,免費 (資助/官立),DSE,本著基督精神，提供全人教育，使學生在德、智、體、群、美及靈六方面得到健全發展，並致力幫助學生發展潛能，培育他們成為負責任的公民及社會領袖。
瑪利諾修院學校,Maryknoll Convent School (Secondary Section),资助,九龙城,九龍九龍塘何東道5號。,http://www.mcs.edu.hk,23362378,sch_head@mcs.edu.hk,免費 (資助/官立),DSE,學校為學生提供優質教育，培育基本技能，提供多元化體驗，使其心靈、才智、體能、心理、藝術和社交均能健康發展；鼓勵學生熱衷學習，灌輸積極意識。與教師、家長和社會人士同心協力締造及維護安全、健康快樂的環境。
華英中學,Wa Ying College,资助,九龙城,九龍常和街8號。,https://www.waying.edu.hk,27607772,info@waying.edu.hk,免費 (資助/官立),DSE,本基督精神，發展全人教育；藉宣講福音，培育學生活出豐盛生命，承佛山華英優良傳統，勤學儉樸、尊師愛校。（註：學校擬進行原址重建計劃。）
皇仁書院,Queen's College,官立,湾仔区,香港銅鑼灣高士威道120號。,https://www.qc.edu.hk,25761992,qc1@qc.edu.hk,免費 (資助/官立),DSE,提供優質教育，使學生在德、智、體、群、美各方面均有卓越的發展；培育學生的領導才能及組織能力；透過自由開放的學風孕育富獨立思考、具創意之明日領袖。
香港培正中學,Pui Ching Middle School,资助,九龙城,九龍九龍城培正道20號。,https://www.puiching.edu.hk,27119222,school@puiching.edu.hk,免費 (資助/官立),DSE,以基督教全人教育為經，母語教學為緯，教導學生認識中國文化及現代科技，提高民族民主意識；德智體群美靈並重，培養完整人格與強健體魄面對未來挑戰。
嘉諾撒聖心書院,Sacred Heart Canossian College,资助,南区,香港薄扶林置富花園置富徑2號。,http://www.shcc.edu.hk,25506111,office@shcc.edu.hk,免費 (資助/官立),DSE,以全人教育為宗旨，本著基督精神及心靈陶育理念，為社會培養正直及博學多聞的下一代。
佛教善德英文中學,Buddhist Sin Tak College,资助,葵青区,新界葵涌興盛路5號。,https://www.bstc.edu.hk,24212580,info@eclass.bstc.edu.hk,免費 (資助/官立),DSE,以佛化教育營造關愛及相互支持的學習團體。為學生提供足夠學習經驗，讓他們全面發展，追求卓越，成為具誠信、能力的未來領袖，並能承擔不同責任，回饋社會。
英華書院,Ying Wa College,直资,深水埗,九龍深水埗英華街1號。,https://www.yingwa.edu.hk,23368838,mail@yingwa.edu.hk,免費 (資助/官立),DSE,承傳基督精神，實踐全人教育。共建青年之家，培育社會棟樑。
聖公會曾肇添中學,SKH Tsang Shiu Tim Secondary School,资助,沙田区,新界沙田禾輋邨德厚街6號。,https://www.skhtst.edu.hk,26975566,info@skhtst.edu.hk,免費 (資助/官立),DSE,以基督精神為宗，注重德智體群美靈六育之均衡發展；使學生生命素質上得以培育，對社會有責任感、歸屬感，服務社群，以體現校訓：「智毅健群」精神。
聖公會林裘謀中學,SKH Lam Kau Mow Secondary School,资助,沙田区,新界沙田第一城得寶街10號。,http://www.skhlkmss.edu.hk,26488222,skhlkmss@skhlkmss.edu.hk,免費 (資助/官立),DSE,秉承基督精神及全人教育的宗旨，學校致力培育學生靈、德、智、體、群、美六育均衡發展，期望他們能實踐校訓─「致知力行」，進業修德，貢獻社會。
聖保祿學校,St. Paul's Convent School,直资,湾仔区,香港銅鑼灣禮頓道140號。,http://www.spcs.edu.hk,25761692,spcsmail@spcs.edu.hk,"$30,000",DSE/國際課程(IB/A-Level),以基督之價值觀，提供卓越的全人教育，使學生具有仁愛、良知、自信、勇毅、創新、能幹及負責任之美德，提升生活素質，對家庭、職業及社會作出貢獻。
港大同學會書院,HKUGA College,直资,南区,香港黃竹坑南風道9號。,https://www.hkugac.edu.hk/,28708815,info@hkugac.edu.hk,免費 (資助/官立),DSE/國際課程,建設具全球視野的優質學校。培育學生成為「具視野、富文化、有理想、敢承擔、追求卓越」的新精英。
迦密主恩中學,Carmel Divine Grace Foundation Secondary School,资助,西贡区,新界將軍澳寶林邨。,http://www.cdgfss.edu.hk,27010908,info@cdgfss.edu.hk,免費 (資助/官立),DSE,按聖經真理提供全人教育，讓學生在德、智、體、群、美和靈命上，得到優質栽培，個人潛質得以發揮，並且能認識真神，將來成為具優良品格的公民，服務社會，榮神益人。
保良局百周年李兆忠紀念中學,PLK Centenary Li Shiu Chung Memorial College,资助,屯门区,新界屯門大興邨。,https://www.plkclscmc.edu.hk,24623945,office@plkclscmc.edu.hk,免費 (資助/官立),DSE,全人教育、多元發展。優質的教與學，提升學生學術成就，培育正面的價值觀，使其擁有終生學習所需的知識、技能和態度。
保良局第一張永慶中學,PLK No.1 W.H. Cheung College,资助,黄大仙,九龍慈雲山蒲崗村道173號。,https://www.plkno1.edu.hk/,23212167,plkno1@eservices.hkedcity.net,免費 (資助/官立),DSE,提供愉快而互動的學習環境，使學生養成努力認真及投入的學習態度，考取優異成績。著重培養學生具批判和獨立思考的能力，成為有識見和負責任的優秀人才。
保良局董玉娣中學,PLK Tang Yuk Tien College,资助,屯门区,新界屯門湖景邨湖暉街。,https://www.plktytc.edu.hk,24631766,email@plktytc.edu.hk,免費 (資助/官立),DSE,五育並重，發揮學生各潛能。貢獻社會，培養進取新一代。
東華三院甲寅年總理中學,TWGHs Kap Yan Directors' College,资助,北区,新界上水彩園邨。,http://www.twghkyds.edu.hk,26727395,mail@twghkyds.edu.hk,免費 (資助/官立),DSE,學校以學生為本，提倡全人教育；致力發展學生潛能，建立正確價值觀，回饋社會；重視教師專業發展；與社區建立夥伴關係，攜手向前。
香港華仁書院,Wah Yan College Hong Kong,资助,湾仔区,香港灣仔皇后大道東281號。,https://web.wahyan.edu.hk/,25722251,wahyan@wahyan.edu.hk,免費 (資助/官立),DSE,根據天主教信仰對主的愛和中華文化，學校矢志：一、做一位具同理心的模範，感染學生成為負責任和富仁心的社會一員；二、啟廸學生勇猛精進，以致君子；三、培育備具愛心、靈性、道德與智慧的領袖。
鄧顯紀念中學,HKTA Tang Hin Memorial Secondary School,资助,北区,新界上水彩園邨。,https://www.tanghin.edu.hk,26726820,school@tanghin.edu.hk,免費 (資助/官立),DSE,學校全力推行德智體群美五育並重的全人教育，期望所有畢業生都成為品格高尚及學識淵博的社會棟樑。
天主教母佑會蕭明中學,Daughters of Mary Help of Christians Siu Ming Catholic Secondary School,资助,葵青区,新界葵涌葵葉街6號。,http://dmhcsm.edu.hk,24241796,general@dmhcsm.edu.hk,免費 (資助/官立),DSE,以基督的教導和福音價值，建立充滿喜樂與關愛的環境，幫助學生確立生命的方向及真義。重視健全人格及六育發展，融會知識與生活，回饋社會，熱愛生命。
德望學校,Good Hope School,直资,黄大仙,九龍清水灣道303號。,http://www.ghs.edu.hk,23210250,goodhope@ghs.edu.hk,免費 (資助/官立),DSE,學校秉承基督精神辦學，尤其強調愛心、希望、喜悅和感恩。學校為同學提供均等機會，培養她們的靈、智、德、情、體、群、美七育。學校肩負起栽培一群溫文爾雅、慎思明辨的年青人的使命，讓她們放眼世界，從而作出貢獻。
聖保羅書院,St. Paul's College,直资,中西区,香港般咸道67-69號。,http://www.spc.edu.hk,25462241,mail@spc.edu.hk,"$44,000",DSE/國際課程(IB/A-Level),學校的使命為秉承聖公會傳揚福音之精神，以基督教真理為基礎，向本港華人學生提供現代化的通才教育。
聖保羅男女中學,St. Paul's Co-Educational College,直资,中西区,香港麥當勞道33號。,https://www.spcc.edu.hk,25231187,adminoffice@spcc.edu.hk,"$84,300",DSE/國際課程(IB/A-Level),秉承基督教「信、望、愛」的精神，培育學生成為未來的領導人才。教導他們追求卓越，建立崇高的品德及奉公忘私的精神，熱衷學習、終身不懈，具備國際視野。（註：於 2011 年獲授權開辦國際文憑大學預科課程。）
聖公會林護紀念中學,SKH Lam Woo Memorial Secondary School,资助,葵青区,新界葵涌葵盛圍397號。,https://www.lamwoo.edu.hk/,24208893,lamwoo@netvigator.com,免費 (資助/官立),DSE,秉承基督精神，提供全人教育，培養學生在靈德智體群美六育均衡發展及追求卓越，具備「林護人」素質：領導才能、熱誠、謙遜、智慧、樂觀、創意、同理心及責任感。
英皇書院,King's College,官立,中西区,香港西環般咸道63號A。,https://www.kings.edu.hk,25470310,kings@edb.gov.hk,免費 (資助/官立),DSE,推廣全人教育，德、智、體、群、美五育。全面照顧學生需要，協助學生發掘多元潛能，均衡發展；提供一個紀律嚴明、誘發學習和培養進取精神的學習環境。
英華女學校,Ying Wa Girls' School,资助,中西区,香港中環羅便臣道76號。,http://www.ywgs.edu.hk,25463151,school@ywgs.edu.hk,免費 (資助/官立),DSE,學校旨在提供基督化教育，著重全人發展，致力培育學生建立優良品格、高雅情操、積極正確的人生觀及責任感，面向國家及世界需要，勇於承擔，甘於委身。
荃灣官立中學,Tsuen Wan Government Secondary School,官立,荃湾区,新界荃灣海壩街70號。,https://www.twgss.edu.hk,24903307,twgss@edb.gov.hk,免費 (資助/官立),DSE,學校承諾堅守校訓「誠正達仁」，與家長衷誠合作，啟導學生全面發展「德、智、體、群、美」五育。
順德聯誼總會梁銶琚中學,Shun Tak Fraternal Association Leung Kau Kui College,资助,屯门区,新界屯門安定邨。,http://www.lkkc.edu.hk,24580766,info@lkkc.edu.hk,免費 (資助/官立),DSE,文、行、忠、信是學校的校訓；全人教育是學校的教育理念；五育均衡是學校的教育取向；追求卓越是學校的工作態度；自律、自強、自信是學校的奮進目標。
宣道會陳瑞芝紀念中學,Christian Alliance S C Chan Memorial College,资助,屯门区,新界屯門友愛邨友愛路7號。,https://www.scc.edu.hk,24591166,info@scc.edu.hk,免費 (資助/官立),DSE,以聖經教訓為基礎，引導學生明辨是非，追尋知識及真理，注重德、智、體、群、美、靈的全人教育。培養學生優良的素質，建立正確人生觀，加強溝通能力、生活技能及思辨能力，幫助學生發展潛能，貢獻社會。
中華基督教會協和書院,CCC Heep Woh College,资助,黄大仙,九龍慈雲山蒲崗村道171號。,http://www.ccchwc.edu.hk,23234265,info@ccchwc.edu.hk,免費 (資助/官立),DSE,秉承中華基督教會香港區會「透過學校，傳道服務」的精神，貫徹啟發學生潛能、培養學生德、智、體、群、美、靈六育，達至「進德修業，榮神益人」的目標。
中華基督教會蒙民偉書院,CCC Mong Man Wai College,资助,观塘区,九龍觀塘曉明街20號。,https://www.cccmmwc.edu.hk/,27276372,info@cccmmwc.edu.hk,免費 (資助/官立),DSE,以靈育作為「全人教育」的重要基礎外，亦同時重視學生在德、智、體、群、美各方面之發展；並配合「明辨篤行」的校訓精神，以造福社群，榮神益人。
恩主教書院,Valtorta College,资助,大埔区,新界大埔培賢里。,http://www.valtorta.edu.hk,26560017,valtorta@valtorta.edu.hk,免費 (資助/官立),DSE,為學校學生提供靈、德、智、體、群、美六育均衡發展的全人教育；協助學生盡展所長，服務社會，貢獻國家；以互愛的精神，幫助學生找尋真理、道路和生命，宣揚基督的福音。
王肇枝中學,Wong Shiu Chi Secondary School,资助,大埔区,新界大埔廣福道182號。,http://www.wscss.edu.hk,26561270,mail@wscss.edu.hk,免費 (資助/官立),DSE,以基督為榜樣，提供全人教育，讓學生在德智體群美靈皆有均衡發展，並熱受學習，主動探索，積極發揮潛能，享受融洽有序之校園生活，養成終身自學，應變創新、自律自信素質，日後回饋社會，貢獻家國。
保良局何蔭棠中學,PLK Celine Ho Yam Tong College,资助,黄大仙,九龍黃大仙蒲崗村道176號。,https://www.plkchc.edu.hk,26269930,info@plkchc.edu.hk,免費 (資助/官立),DSE,秉承保良局的辦學宗旨，五育並重，培育學生的高雅情操和正確的人生觀。學校認為學生應具備良好之語文能力，富領導才能、高層次的邏輯思維及無限創意。
聖傑靈女子中學,St. Catharine's School For Girls,资助,观塘区,九龍觀塘康利道26號。,http://www.scsg.edu.hk,23453039,scsg@scsg.edu.hk,免費 (資助/官立),DSE,循循善誘，進德展才；琢玉成器，造就人材。
仁愛堂田家炳中學,Yan Oi Tong Tin Ka Ping Secondary School,资助,屯门区,新界屯門山景邨。,http://www.yottkp.edu.hk,24665270,office@yottkp.edu.hk,免費 (資助/官立),DSE,鼓勵教師專業發展，提供優質學校教育；致力動員家長社區，創造理想學習環境。互助互勵奮發求進，營建融洽有序校園；兼顧學習活動德育，培育社會多元棟樑。
聖言中學,Sing Yin Secondary School,资助,观塘区,九龍新清水灣道38號。,https://www.singyin.edu.hk,23496281,syadm@eservices.hkedcity.net,免費 (資助/官立),DSE,聖言的辦學宗旨建基於若望福音（10：10）的一句話：「我來為使人得到生命，且獲得更豐富的生命。」為使學生能活出豐富的生命，本校積極開拓學生德、智、體、群、美、靈等領域，尤注重引導學生積極面對日後成人生活的挑戰，和培養他們的責任感。
趙聿修紀念中學,Chiu Lut Sau Memorial Secondary School,官立,元朗区,新界元朗體育路七號。,https://www.clsmss.edu.hk,24778237,clsmss@edb.gov.hk,免費 (資助/官立),DSE,學校以「明善誠身」為學生的學習方向，培養學生德、智、體、群、美五育均衡發展，並透過正規課程及課外活動，傳授知識與技能，讓學生發揮才能，提高品德修養。
中華基金中學,The Chinese Foundation Secondary School,直资,东区,香港柴灣小西灣富欣道9號。,http://www.cfss.edu.hk,29047322,info@cfss.edu.hk,免費 (資助/官立),DSE,學校致力提供優質教育；運用現代科技及方法，培養學生的領導才能、批判思考、創造力和自信心；增進學生的知識和技能，為他們日後貢獻社會作好準備。
聖公會莫壽增會督中學,SKH Bishop Mok Sau Tseng Secondary School,资助,大埔区,新界大埔運頭角里26號。,http://www.mst.edu.hk,26567804,info@mst.edu.hk,免費 (資助/官立),DSE,建立基督教及人性價值，培養正面人生態度及發展多元技能，以使學生發揮潛能、貢獻社會，成為盡責的良好公民。努力營造關愛的校園環境，讓彼此信任、尊重、愛護，使學校生活成為最美好的學習經驗。
觀塘瑪利諾書院,Kwun Tong Maryknoll College,资助,观塘区,九龍觀塘翠屏道100號。,https://www.ktmc.edu.hk,27171485,ktmc@ktmc.edu.hk,免費 (資助/官立),DSE,以「敬主愛人」及「均衡卓越」為教育理想。重視學生學業、品德、活動、服務、公民教育、資訊科技、健康體能各方面的發展。
保祿六世書院,Pope Paul VI College,资助,葵青区,新界葵涌梨貝街8號。,https://www.ppaulvi.edu.hk,24208575,ppn-mail@hkcampus.net,免費 (資助/官立),DSE,秉承基督精神，尤重博愛及服務，以全人教育，啟發學子潛能，助其汲取知識與技能，學習獨立思考，活出人生真諦，並明白個人責任，勇於承擔，造福社群。
基督教崇真中學,Tsung Tsin Christian Academy,直资,深水埗,九龍深水埗荔康街8號。,https://www.ttca.edu.hk,27288727,mail@ttca.edu.hk,免費 (資助/官立),DSE/國際課程,本於基督「信、望、愛」及「非以役人，乃役於人」精神，學校的教育理念是服侍人群，提供全人教育。學校相信每位學生都是按照上帝的形象而受造的個體，能在基督教教育的環境下發揮潛能，並擁有能力學習及受教，在學術與非學術的層面上都能有成就。同時，學校亦致力為學生建立關愛及積極主動的學習環境。
五旬節林漢光中學,Pentecostal Lam Hon Kwong School,资助,沙田区,新界沙田愉田苑。,https://www.plhks.edu.hk,26488291,office@plhks.edu.hk,免費 (資助/官立),DSE,九龍五旬節會辦學以傳福音為宗旨，引導學生認識真理，並依照政府教育局規定標準課程，以求學生在靈、德、智、體、群、美各方面均衡發展。
保良局羅氏基金中學,PLK Laws Foundation College,直资,西贡区,新界將軍澳陶樂路8號。,http://www.plklfc.edu.hk,27018778,info@plklfc.edu.hk,免費 (資助/官立),DSE,開創一個充滿愛意關懷的環境，培養學生自尊自愛，樂觀進取；熱切追求知識和真理。促進教師之間的專業互動，帶動校園革新，建立質素保證文化。
培僑書院,Pui Kiu College,直资,沙田区,沙田大圍大圍新村路1號。,https://www.puikiucollege.edu.hk,26023166,info@puikiu.edu.hk,免費 (資助/官立),DSE,全新的一條龍中小學—培僑書院，以英語及普通話學習，中西薈萃，培育能為香港、為中國走向世界作出貢獻的出類拔萃新生代。
聖芳濟書院,St. Francis Xavier's College,资助,油尖旺,九龍大角咀詩歌舞街45號。,http://www.sfxc.edu.hk,23932271,sfxadmin@sfxc.edu.hk,免費 (資助/官立),DSE,學校的抱負，是教導每一位學生，認識和珍惜天主的愛，俾能全力發展自己的天賦，度過自決和有意義的人生，並願意肩負建設社會的責任。
德雅中學,Tak Nga Secondary School,资助,深水埗,九龍又一村達之路18號。,http://www.taknga.edu.hk,23803788,tnss@taknga.edu.hk,免費 (資助/官立),DSE,秉承聖若望鮑思高「愛的教育」的理念，採用預防教育法，藉理智、宗教、愛心培育學生，營造充滿愛與關懷之環境，使學生在道德及知識上均衡發展。
九龍真光中學,Kowloon True Light School,资助,九龙城,九龍沙福道真光里1號。,https://www.ktls.edu.hk/,36550000,mail@ktls.edu.hk,免費 (資助/官立),DSE,承接着真光先賢的努力，學校繼續肩負起華人女子教育的使命，啟迪莘莘學子努力不懈地追求學問，並將優秀的資質及領袖的才能發揮得淋漓盡致；又能堅定不移地持守聖經真理，並願意以真光照亮人心，把愛傳遍中華。
啟思中學,Creative Secondary School,直资,西贡区,西貢區將軍澳蓬萊路3號。,https://www.css.edu.hk/,23360233,admin@css.edu.hk,免費 (資助/官立),DSE,我們深信所有學生都具獨特天賦。在我們充滿關愛及互相支援的學校社群內，學生建立良好而正面的人際關係，珍惜機會，盡展個人潛能。啓思中學的學習強調以學生為本，着重探究式學習，讓學生樂在其中。透過校內和校外廣闊而多元的體驗，學生茁壯成長，成為充滿自信、樂觀、仁愛及具備國際視野的青年，立足於世界。
聖瑪加利男女英文中小學,St. Margaret's Co-Educational English Secondary and Primary School,直资,深水埗,西九龍深旺道33號。,https://www.smcesps.edu.hk,23966675,enquiry@smcesps.edu.hk,免費 (資助/官立),DSE,以基督愛心為本，提供全人教育；融合國際學校與本地學校的優點，培育勇於承擔，樂於學習，關心社群，並具國際視野的新一代世界公民。
何明華會督銀禧中學,Bishop Hall Jubilee School,资助,九龙城,九龍九龍塘牛津道2C號。,https://www.bhjs.edu.hk,23363034,mail@bhjs.edu.hk,免費 (資助/官立),DSE,學校秉承聖公會基督教辦學精神，致力為男女學生提供優良而全面的教育，勉勵學生效法何會督終身奉獻，服務香港的精神。
基督教宣道會宣基中學,Christian and Missionary Alliance Sun Kei Secondary School,资助,西贡区,新界將軍澳唐俊街6號。,https://www.skss.edu.hk,21916022,skss@skss.edu.hk,免費 (資助/官立),DSE,學校秉承全人教育之理想，致力培育學生在「靈、德、智、群、體、美」六育上作均衡發展，追求卓越，才德兼備，服務社會。
順利天主教中學,Shun Lee Catholic Secondary School,资助,观塘区,九龍觀塘順利邨順緻街7號。,http://www.slcss.edu.hk,23893082,contact@slcss.edu.hk,免費 (資助/官立),DSE,學校致力提供一完善學習環境，引導學生結合信仰、文化與生活，認識福音真理，達致人格成全；培養自學能力、建立積極人生觀，達至全人發展；著重培養學生服務人群、回饋社會的精神；引導其認識中國文化，發揚其優點。
保良局顏寶鈴書院,PLK Ngan Po Ling College,直资,九龙城,九龍土瓜灣崇安街26號。,http://www.npl.edu.hk,24623932,info@home.npl.edu.hk,免費 (資助/官立),DSE,提供理想學習環境，營造關懷、愉快之校園文化。注重五育均衡發展，培養語文能力、批判思維及主動學習精神，追求卓越，積極面對廿一世紀之挑戰。
景嶺書院,King Ling College,资助,西贡区,新界將軍澳林盛路1號。,https://www.kingling.edu.hk,27029602,klc-mail@kingling.edu.hk,免費 (資助/官立),DSE,傳承中華文化，弘揚博愛精神。
天主教郭得勝中學,Kwok Tak Seng Catholic Secondary School,资助,沙田区,新界沙田秦石邨。,https://www.ktscss.edu.hk,26059033,info@ktscss.edu.hk,免費 (資助/官立),DSE,秉承天主教教區的辦學宗旨，使學校充滿福音及仁愛，將基督的訓諭傳揚於社會。繼承中國傳統文化，以「忠恕誠明」為訓，使同學得到全人教育。
可風中學,Ho Fung College (Sponsored By Sik Sik Yuen),资助,荃湾区,新界葵涌和宜合道448號。,https://www.hofung.edu.hk,24253563,info@hofung.edu.hk,免費 (資助/官立),DSE,秉承辦學團體嗇色園普濟勸善的精神，為學生提供優質教育。除了讓學生品學兼優外，更重視學生的均衡發展，俾其思維、能力、體魄和氣質風度等均能兼善。
沙田官立中學,Sha Tin Government Secondary School,官立,沙田区,新界沙田文禮路11-17號。,https://www.stgss.edu.hk,26914744,genoff@stgss.edu.hk,免費 (資助/官立),DSE,學校願景：學校啟發每一位學生積極學習，獨立思考，關顧他人，追求卓越。全面為學生提供汲取知識和發展潛能的機會；培養學生建立正確的人生態度，為日後的進修和發展作好準備。
嘉諾撒書院,Canossa College,资助,东区,香港鰂魚涌海澤街10號。,https://www.canossa.edu.hk,25630272,info@canossa.edu.hk,免費 (資助/官立),DSE,本著會祖聖嘉諾撒瑪大肋納的辦學精神，以「謙恭仁愛」為校訓，注重均衡教育，致力培育學生友愛親善的品德、虛心學習的態度，以及發展學生多方面的才能。
嘉諾撒聖家書院,Holy Family Canossian College,资助,九龙城,九龍延文禮士道33號。,http://www.hfcc.edu.hk,23379123,office@eclass.hfcc.edu.hk,免費 (資助/官立),DSE,發揚基督的價值觀，提供積極的學習環境，鼓勵學生認識自己，成為有愛心及進取的人；培養學生終身學習的能力，提高他們對社會、祖國的責任感及歸屬感。
聖士提反書院,St. Stephen's College,直资,南区,香港赤柱東頭灣道22號。,https://www.ssc.edu.hk,28130360,sschk@ssc.edu.hk,免費 (資助/官立),DSE,配合基督教辦學方針，致力發展完備課程和多元化活動以實踐全人教育。奉行英語授課，認信學生各有特質，並盡力協助學生發掘潛能、發展所長，培育明日領袖。（學校有寄宿設施，提供宿舍生活及寄宿活動。）
筲箕灣官立中學,Shau Kei Wan Government Secondary School,官立,东区,香港筲箕灣柴灣道42號。,https://www.sgss.edu.hk,25603544,skwgss@edb.gov.hk,免費 (資助/官立),DSE,學校致力提供一個優良的學習環境，以培養同學德、智、體、群、美五育的發展，使他們發揮潛能，為升學作好準備，並秉承校訓「真理至上」，追尋及熱愛真理，將來成為獨立、自信、有責任感及有貢獻的良好公民。
東華三院黃笏南中學,TWGHs Wong Fut Nam College,资助,九龙城,九龍九龍塘牛津道1C。,https://www.twghwfns.edu.hk,23369151,wfnss@tungwah.org.hk,免費 (資助/官立),DSE,秉承東華三院「全人教育」的宗旨，以「中英兼擅、全才發展、成功發習、豐盛人生」為教育目標，建立「勤奮進取、嚴謹有序、關愛融洽」的校園文化，著重學術、創藝、健體、服務及生活教育等學養，讓學生全面發展。
聖保祿中學,St. Paul's Secondary School,资助,湾仔区,香港跑馬地雲地利道18號A。,http://www.spss.edu.hk,25773836,spssmail@spss.edu.hk,免費 (資助/官立),DSE,以基督之價值觀為本，為聖保祿學生提供全人教育，使其精神與物質生活更形璀璨豐盛；兼具仁愛、自信、良知、勇毅、創新、能幹及責任感之美德，從而對家庭、事業、社會作出積極貢獻。
華仁書院(九龍),Wah Yan College Kowloon,资助,油尖旺,九龍窩打老道56號。,https://www.wyk.edu.hk/,23841038,info@wyk.edu.hk,免費 (資助/官立),DSE,學校是在學習團體的氛圍中，提供學生和教職員工一個全人發展、思維開放和不斷成長的天主教教育：培育他們逐漸成為卓越能幹、犧牲奉獻、充滿熱忱、富於靈性和具備倫理分辨能力的人，同時擁有一顆胸懷普世的心。
香島中學,Heung To Middle School,直资,深水埗,九龍大坑東桃源街33號。,http://www.heungto.edu.hk,27790182,schoolmail@heungto.edu.hk,免費 (資助/官立),DSE,提倡愛國主義教育，重視學生兼擅兩文三語；培養學生成為德、智、體全面發展，愛國愛港、品學兼優、服務社群的好青年。
港島民生書院,Munsang College (Hong Kong Island),资助,东区,香港西灣河太安街26號。,http://www.imsc.edu.hk,25671666,info@imsc.edu.hk,免費 (資助/官立),DSE,本基督精神辦學，發展學生全人教育，培養好學自學的精神，確立積極正面的人生觀，堅定意志，追求崇高理想，貢獻社會。
民生書院,Munsang College,资助,九龙城,九龍九龍城東寶庭道8號。,https://munsang.edu.hk,36553300,munsang26@yahoo.com.hk,免費 (資助/官立),DSE,民生書院創校於 1926 年，是香港極之少數擁有幼稚園、小學及中學的一條龍男女學校，位於名校林立的九龍城區，為九龍城區第一所津貼中學，多年來在社會各個領域名人輩出，學習耶穌基督完美的人生典範。校園佔地多達 168000 平方呎，擁有標準操場、體育館及游泳池，學校以基督教為學校宗教信仰但不隸屬於任何宗教團體，是香港一百多所以英語為教學語言的學校之一。
田家炳中學,Tin Ka Ping Secondary School,资助,北区,新界粉嶺維翰路1號。,http://web.tkpss.edu.hk,26731778,tkpss@netvigator.com,免費 (資助/官立),DSE,田家炳中學懷抱全人教育理想，致力開展學與教、生活輔導、聯課活動及造就時代公民素質的整全與均衡教育，與時並進，塑造明日公民領袖。
沙田循道衞理中學,Sha Tin Methodist College,资助,沙田区,新界沙田新田圍邨。,https://www.stmc.edu.hk,26021300,info@stmc.edu.hk,免費 (資助/官立),DSE,基督化全人教育，以生命影響生命為宗旨，靈、德、智、體、群、美六育並進。有教無類，讓學生均衡地健康成長。
沙田蘇浙公學,Kiangsu-Chekiang College (Shatin),资助,沙田区,新界沙田禾輋邨豐順街7號。,http://www.kccshatin.edu.hk,26972179,kccs@kccshatin.edu.hk,免費 (資助/官立),DSE,以培養學生的德智體群美五育為宗旨，並依循「中英並重」、「文理並重」、「升學及就業並重」三項原則，致力發展學生的多元智能及提供優質的全人教育。
聖羅撒書院,St. Rose of Lima's College,资助,沙田区,新界沙田銀城街29號。,https://www.hksrl.edu.hk,23371867,srl_hk@hotmail.com,免費 (資助/官立),DSE,承襲基督自我奉獻、博愛世人及宇宙萬物的精神。在充滿愛和服務精神的學校大家庭中，以福音精神及中華文化特質提升學生，使每一位學生都能整合地成長。
王錦輝中小學,HKBU Affiliated School Wong Kam Fai Secondary and Primary School,直资,沙田区,沙田石門安睦里6號。,https://www.hkbuas.edu.hk,26372270,a-school-ss@hkbuas.edu.hk,免費 (資助/官立),DSE/國際課程,秉承香港浸會大學的教育使命，結合中西文化，發展學生潛質，陶冶情操，明辨是非，貢獻社稷，實踐「全人為本、學子為先」的教育理念。
香港真光中學,True Light Middle School of Hong Kong,资助,湾仔区,香港大坑道50號。,https://www.tlmshk.edu.hk,25760703,tloffice@tlmshk.edu.hk,免費 (資助/官立),DSE,真光以耶穌基督之名「真光」命名，以「為神樹人」為教育宗旨，實踐基督犧牲愛人之真理，為社會國家世界培育人才。
聖馬可中學,St. Mark's School,资助,东区,香港筲箕灣愛秩序灣愛賢街18號。,https://www.stmarks.edu.hk,25601262,stmarks@stmarks.edu.hk,免費 (資助/官立),DSE,學校注重學生在下列五方面的均衡發展：追求知識、積極探究、文化發展、人際相處及健全體格。校方亦以有系統的計劃，培養學生在學業方面追求卓越。
德愛中學,Tak Oi Secondary School,资助,黄大仙,九龍慈雲山慈雲山道8號。,https://www.takoi.edu.hk,23238504,school@takoi.edu.hk,免費 (資助/官立),DSE,本著校訓「誠與愛」推行全人教育，為學生提供和諧及優良的學習環境，使她們能愉快地學習和成長。同時積極培育學生的社會意識、公民責任及服務精神。
迦密中學,Carmel Secondary School,资助,九龙城,九龍何文田忠孝街55號。,https://www.carmelss.edu.hk,27149385,info@carmelss.edu.hk,免費 (資助/官立),DSE,按聖經真理提供全人教育，讓學生在德、智、體、群、美和靈育上，得到優質栽培，並能認識真神，明白真道，建立優良品格，長大後能熱愛國家、關心社會。
香港培道中學,Pooi To Middle School,资助,九龙城,九龍城延文禮士道2號。,http://www.pooito.edu.hk,23361706,ptm-info@pooito.edu.hk,免費 (資助/官立),DSE,「鼓勵、承擔、共成長」：彼此鼓勵，勇於承擔，締造一個師生共成長的群體。培養學生樂於思考、中英兼擅、認識基督、關心世界。
風采中學,Elegantia College (Sponsored By Education Convergence),资助,北区,新界上水清城路8號。,http://www.elegantia.edu.hk,24683680,mail@elegantia.edu.hk,免費 (資助/官立),DSE,培養新一代成為具備自主學習能力及高度責任感的終身學習者。
東華三院陳兆民中學,TWGHs Chen Zao Men College,资助,葵青区,新界葵涌葵盛葵合街1-5號。,http://www.twghczm.edu.hk,24245318,info@twghczm.edu.hk,免費 (資助/官立),DSE,推行全人教育，五育並重。為學生提供多元化的教育及一個優良的學習環境，使能發揮潛能，成為有獨立思考能力、勇於承擔責任和關注社會事務的良好公民。
聖公會陳融中學,SKH Chan Young Secondary School,资助,北区,新界上水智昌路6號。,https://www.skhcyss.edu.hk,26718989,info@skhcyss.edu.hk,免費 (資助/官立),DSE,本於基督精神，發展全人教育，在靈育、立身、為學、科技、體藝、社會、中國文化七個範疇培育學生正面價值觀及態度、知識和能力，將來見用於社會，榮神益人。
聖嘉勒女書院,St. Clare's Girls' School,资助,中西区,香港摩星嶺道50號。,http://www.stclare.edu.hk,28171764,info@stclare.edu.hk,免費 (資助/官立),DSE,本基督「真理必勝」的精神，提供全人教育。培育學生修身立德，探求真理，敏於思考，勇於批判，敢於創新。學校員工，將共同努力，與家長及社會人士攜手合作，以貫徹辦學宗旨。
聖若瑟書院,St. Joseph's College,资助,中西区,香港中環堅尼地道7號。,https://www.sjc.edu.hk,36524888,info@sjc.edu.hk,免費 (資助/官立),DSE,學校以培育學生德、智、體、群、美及情意六方面的發展為辦學宗旨。
高主教書院,Raimondi College,资助,中西区,香港半山羅便臣道2號。,https://www.raimondi.edu.hk,25222159,rcss@raimondi.edu.hk,免費 (資助/官立),DSE,以「全人教育」為宗旨，引領學生探求知識、陶鑄性情、發展潛能及對社會的責任感。祈望員生能夠透過教與學和校園生活，體驗友愛的精神及福音的教導。
何傳耀紀念中學,Tsuen Wan Public Ho Chuen Yiu Memorial College,资助,荃湾区,新界荃灣石圍角邨。,https://www.twphcymc.edu.hk,24924191,info@twphcymc.edu.hk,免費 (資助/官立),DSE,學校的教育目標是「智育」的灌輸，使同學在公開考試獲得優異的成績，有良好的語文基礎，具自發自學的精神，繼而提倡「德育」，使學生接受中國傳統文化的薰陶，愛護社會，服務社會，盡公民的義務，再向五育均衡發展。
順德聯誼總會李兆基中學,Shun Tak Fraternal Association Lee Shau Kee College,资助,葵青区,新界葵涌葵盛圍303號。,https://www.lskc.edu.hk,24294051,office@mail.lskc.edu.hk,免費 (資助/官立),DSE,培育品學兼優、精通兩文三語、出類拔萃之學生，令學生學會學習、獨立思考、樂欣賞、愛閱讀，於和諧、開放、接納、關懷的校園氣氛中發揮潛能，追求卓越。
順德聯誼總會譚伯羽中學,Shun Tak Fraternal Association Tam Pak Yu College,资助,屯门区,新界屯門友愛邨。,http://www.tpyc.edu.hk,24501402,tpyc@tpyc.edu.hk,免費 (資助/官立),DSE,文行忠信為施教綱目，以博學多聞、敦品勵行、盡忠職守，誠實不欺教導學生，使其成為有文化學識、高尚情操，服務社會，為國家貢獻力量之良好公民。
馬可賓紀念中學,Stewards MKMCF Ma Ko Pan Memorial College,资助,屯门区,新界屯門石排頭路17號。,https://www.makopan.edu.hk,24077440,mkpcollege@makopan.edu.hk,免費 (資助/官立),DSE,以基督信仰為本，悉心為學生提供靈、德、智、體、群、美兼備的全人教育；培育學生發揮潛能，懂得批判思考，能夠終身不斷學習；啟發學生認識真理，追求美善，具備高尚的品格，並樂意為神為人貢獻所長。
中華基督教會全完中學,CCC Chuen Yuen College,资助,葵青区,新界葵涌上角街15號葵涌邨。,https://www.chuenyuen.edu.hk,24205050,cyc@chuenyuen.edu.hk,免費 (資助/官立),DSE,學校秉承中華基督教會香港區會「透過學校，傳道服務」及「全人教育」的辦學精神，致力為學生提供一個愉快和諧的成長園地，為學生提供優質教育服務。
中華基督教會基元中學,CCC Kei Yuen College,资助,元朗区,新界元朗鳳攸東街。,http://ccckyc.edu.hk,24750331,ky-mail@hkedcity.net,免費 (資助/官立),DSE,願景宣言：「建立愉快校園，提供優質教育，發展個人潛能，共創美好人生。」本著「凡事長進，連於元首基督」的精神，建立愉快有紀律的校園生活，為學生提供全面的優質教育，發展學生的個人潛能，並培育學生追求卓越。
元朗商會中學,Yuen Long Merchants Association Secondary School,资助,元朗区,新界元朗豐年路20號。,http://www.ylmass.edu.hk,24787348,info@ylmass.edu.hk,免費 (資助/官立),DSE,鼓勵學生挑戰自我，發展潛能，培育學生在德、智、體、群、美的全面發展。
東華三院盧幹庭紀念中學,TWGHs Lo Kon Ting Memorial College,资助,元朗区,新界元朗朗屏邨第三期。,https://web.lktmc.edu.hk/,24742678,lktmc15@yahoo.com.hk,免費 (資助/官立),DSE,學校尊重學生的獨特個性，重視發展其潛能、提升其邏輯思維水平和拓展生活領域；以樹立優良校風為己任，培養學生善群律己，兼具中國情懷和國際視野。
聖母書院,Our Lady's College,资助,黄大仙,九龍黃大仙龍鳳街3號。,https://www.olc.edu.hk,23275860,info@olc.edu.hk,免費 (資助/官立),DSE,推行全人教育，實踐鮑思高神父的慈幼預防教育法，培育學生在品德及學術上的發展；提供多元化課外活動及學習體驗，以充實她們的校園生活；重視家校合作，以協助學生建立健全的人格及積極的人生觀。
保良局羅傑承(一九八三)中學,PLK Lo Kit Sing (1983) College,资助,葵青区,新界青衣長康邨。,https://www.plk83.edu.hk,24977110,info@plk83.edu.hk,免費 (資助/官立),DSE,以「愛、敬、勤、誠」為校訓，培育學生「德、智、體、群、美」五育並重。除了充實知識，更要培養學生優良的品格、高雅的情操和正確的人生觀。
聖公會白約翰會督中學,SKH Bishop Baker Secondary School,资助,元朗区,新界元朗鳳攸南街。,http://www.skhbbss.edu.hk,24754778,info@skhbbss.edu.hk,免費 (資助/官立),DSE,堅持全人教育的理想，著重學生在德智體群美靈六方面均衡發展。與家長、社區發展協作關係，拓展學生多元化的學習經驗，邁向廿一世紀優質教育的目標。
香港管理專業協會羅桂祥中學,HKMA K S Lo College,资助,元朗区,新界天水圍天柏路26號。,https://www.hkmakslo.edu.hk,24703363,college@hkmakslo.edu.hk,免費 (資助/官立),DSE,學校致力為學生提供優質教育，讓學生在德、智、體、群、美各方面能有均衡的發展，成為對社會及國家有承擔精神的公民。
南亞路德會沐恩中學,Salem-Immanuel Lutheran College,资助,大埔区,新界大埔大元邨。,http://www.ilc.edu.hk,26673129,info@ilc.edu.hk,免費 (資助/官立),DSE,學校致力建立一個健康的學習環境，發展及提升學生潛能，讓他們在智能、體能、社群、靈性各方面均衡發展，漸臻美善，以迎戰生命中的各項挑戰。
香港青年協會李兆基書院,HKFYG Lee Shau Kee College,直资,元朗区,新界天水圍天葵路12號。,http://www.hlc.edu.hk,21461128,hlc@hlc.edu.hk,免費 (資助/官立),DSE/國際課程,學生為本，知識乃智慧之源。學生須具扎實的學問基礎，不斷追求知識，求實求真的精神；並能自信自強、好學不倦、勇於承擔，成為有氣質涵養的優秀人才。
可立中學,Ho Lap College (Sponsored By Sik Sik Yuen),资助,黄大仙,九龍爵祿街15號。,http://www.holap.edu.hk,23222220,hlc-mail@apps.holap.edu.hk,免費 (資助/官立),DSE,學校秉承嗇色園辦學宗旨，崇奉道釋儒三教經義，以普濟勸善為校訓，培養學生樂善好施、服務社會的精神；並著重學生德、智、體、群、美五育的均衡發展。
呂郭碧鳳中學,NLSI Lui Kwok Pat Fong College,资助,观塘区,九龍觀塘翠屏道102號。,http://www.lkpfc.edu.hk,23480103,info@lkpfc.edu.hk,免費 (資助/官立),DSE,按聖經真理施行全人教育，教導學生學習各學科，培養學生品格；讓學生明白聖經真理，接受基督為生命之主，建立正確價值觀，在靈、德、智、體、群、美各方面得到健全發展，成為身心靈健康、明辨是非和富責任感的公民。
梁式芝書院,Leung Shek Chee College,资助,观塘区,九龍秀茂坪曉光街80號。,https://www.lscc.edu.hk,23496626,principal@lscc.edu.hk,免費 (資助/官立),DSE,學校致力建立理想的學習環境，協助學生學會學習，發展潛能，培養良好的品格，建立積極的人生觀；並引導她們關心社會，認識祖國，努力回饋社會及參與建設一個公義及仁愛的世界。
福建中學,Fukien Secondary School,直资,观塘区,九龍觀塘振華道83號。,http://www.fms.edu.hk,25781745,fms-mail@hkedcity.net,免費 (資助/官立),DSE,致力推行「以人為本」教育，讓學生在關愛的環境中成長，培養學生自強不息的精神，科技創意及自主學習的能力，成為關心他人、愛護家庭、服務社會、熱愛國家，並擁有世界視野的廿一世紀才德兼備人材。
保良局蔡繼有學校,PLK Choi Kai Yau School,私立,深水埗,九龍深水埗郝德傑道6號。,http://www.cky.edu.hk,21482052,info@cky.edu.hk,免費 (資助/官立),DSE,為世界、為國家、為香港培育菁英。學校提供優質的學習環境，包括﹕正確的教育目標、實效的教學策略、高質素的教師團隊、以學生為重心的課程、軔善的教學設施、家校的衷誠合作。（學校參與「私立獨立學校計劃」）
聖若瑟英文中學,St. Joseph's Anglo-Chinese School,资助,观塘区,九龍新清水灣道46號。,https://www.sjacs.edu.hk,37524500,contact@sjacs.edu.hk,免費 (資助/官立),DSE,本著基督仁愛精神辦學，提供靈、德、智、體、群、美並重的天主教全人教育，令學生的學行均「臻於至善」，並以「力行仁愛」精神服務社會。
將軍澳官立中學,Tseung Kwan O Government Secondary School,官立,西贡区,新界將軍澳敬賢里2號。,http://www.tkogss.edu.hk,27040051,info@tkogss.edu.hk,免費 (資助/官立),DSE,以作育英才為本，實行兩文三語；著重培養學生在德智體群美五育的均衡發展、提高他們的獨立思考能力和啟發其潛能；加強教師間的聯繫，使教學更臻完善。
瑪利諾神父教會學校,Maryknoll Fathers' School,资助,深水埗,九龍深水埗桃源街2號。,http://www.mfs.edu.hk,27775117,mail@mfs.edu.hk,免費 (資助/官立),DSE,本著基督精神，量材施教，啟迪個人潛能，德業兼修，服務社群。
觀塘官立中學,Kwun Tong Government Secondary School,官立,观塘区,九龍觀塘順緻街9號順利邨。,http://www.ktgss.edu.hk,23436220,ktgss@email.ktgss.edu.hk,免費 (資助/官立),DSE,提供全面優質教育，使學生在德、智、體、群、美、情操及文化各方面得到最佳發展。積極提倡自學精神，致力推行校訓中「誠信待人，勤謙自處」的美德。
中華基督教會銘基書院,CCC Ming Kei College,资助,油尖旺,九龍大角咀橡樹街16號。,http://cccmkc.edu.hk,23923963,cccmkc@cccmkc.edu.hk,免費 (資助/官立),DSE,秉承辦學團體「傳道服務」的辦學使命，以推行全人教育、有教無類及優質教育為目標，期望學生他日能服務社會、貢獻國家，體驗「施比受更有福」的校訓。
嘉諾撒聖方濟各書院,St. Francis' Canossian College,资助,湾仔区,香港灣仔堅尼地道9-13號。,http://www.sfcc.edu.hk,25872700,sfcc@sfcc.edu.hk,免費 (資助/官立),DSE,藉着天主的仁愛，培育學生熱愛生命，自尊自重，樂於學習，勇於承擔。
聖公會鄧肇堅中學,SKH Tang Shiu Kin Secondary School,资助,湾仔区,香港灣仔愛群道9號。,https://www.tsk.edu.hk,25742326,enquiry@tsk.edu.hk,免費 (資助/官立),DSE,學校以基督愛世人之精神為辦學宗旨；以基督教價值培育學生，使其於德、智、體、群、美、靈各方面有均衡之發展，日後成為能獨立思考，富同情心及具責任感之青年。校訓「恆心、寬恕、容忍」為基督信仰的重要價值。
長沙灣天主教英文中學,Cheung Sha Wan Catholic Secondary School,资助,深水埗,九龍長沙灣福榮街533號。,http://www.cswcss.edu.hk,27415034,contact@cswcss.edu.hk,免費 (資助/官立),DSE,秉承天主教學校一貫辦學宗旨，奉行「全人教育」。教導學生認識福音的真理，並在生活上活出基督的精神。啟發學生積極的人生觀及培養服務社會的精神。以「自強不息」為校訓，培養學生奮發自強，修身不懈。
循道中學,Methodist College,资助,油尖旺,九龍油麻地加士居道50號。,https://www.mckln.edu.hk,23843543,admin@mckln.edu.hk,免費 (資助/官立),DSE,本基督精神，發展全人教育；藉宣講福音，培育學生活出豐盛生命。（註：循道學校與循道中學的直屬關係將於 2021/2022 學年終止。循中在終止直屬關係前三年，即由 2019 學年開始，僅預留 50% 學額予直屬小學。）
港澳信義會慕德中學,HKMLC Queen Maud Secondary School,资助,西贡区,新界將軍澳厚德邨。,http://www.qmss.edu.hk,27026509,info@qmss.edu.hk,免費 (資助/官立),DSE,致力提供優質教育，藉聖經真理幫助學生追求及確立有意義的人生目標和價值；透過提供德、智、體、群、美、靈的全人教育，發展學生的潛質，使他們有能力和自信解決困難，為社會、國家及世界作出承擔及貢獻。
真道書院,HKCCCU Logos Academy,直资,西贡区,新界將軍澳勤學里1號。,https://www.logosacademy.edu.hk,23372123,info@logosacademy.edu.hk,免費 (資助/官立),DSE,建基於聖經的真理，以直資一條龍的辦學模式，提供嶄新十一年中、小學直通優質全人教育。透過靈、德、智、美、體、群，均衡發展學生的潛質，培養具國際視野的未來領袖。
李國寶中學,HKMA David Li Kwok Po College,直资,油尖旺,九龍油蔴地海泓道8號。,https://www.hkmadavidli.edu.hk,26269100,college@hkmadavidli.edu.hk,免費 (資助/官立),DSE,學校以提供全人教育為使命，務求讓學生在德、智、體、群、美五育方面都有全面的發展。學校相信每位學生都有獨特之處，亦具備不同的潛質。學校既應培育學生的才能，亦要發掘學生的潛能，使他們盡展所長。
黃棣珊紀念中學,HKSYC&IA Wong Tai Shan Memorial College,资助,深水埗,九龍深水埗南昌街250號。,http://www.wtsmc.edu.hk,27788982,mails@wtsmc.edu.hk,免費 (資助/官立),DSE,學校本著「德智體群美」五育並重的精神，以「忠恕勤敏」為校訓，除著重學業成績外，亦致力培養學生的品德，使學生日後成為富責任感的良好公民。
聖類斯中學,St. Louis School,资助,中西区,香港第三街179號。,http://www.stlouis.edu.hk,25460117,mailbox@stlouis.edu.hk,免費 (資助/官立),DSE,提供一個愉快，靈、德、智、體、群、美六育並重的教育。
王少清中學,Po On Commercial Association Wong Siu Ching Secondary School,资助,荃湾区,新界荃灣大壩街2號。,http://www.pocawsc.edu.hk/,24140157,mail@pocawsc.edu.hk,免費 (資助/官立),DSE,學校的辦學宗旨，除引導學生明理上進、奉公守法外，更致力培養其德行，啟發其潛能，使成學行俱優，才德兼備的人材，將來貢獻社會，造福人群。
中華傳道會劉永生中學,CNEC Lau Wing Sang Secondary School,资助,东区,香港柴灣新廈街323號。,http://www.lws.edu.hk,27156333,lws@lws.edu.hk,免費 (資助/官立),DSE,提供學生全人教育；在聖經真理基礎上，悉心扶育學生在德、智、體、群、美及靈各方面健康成長，並培養好學自律、有禮合群、熱愛生命、勇於承擔的情操，和高尚的品格與公民意識，以及活出豐盛的生命，將來貢獻社會。
衞理中學,The Methodist Church HK Wesley College,资助,东区,香港柴灣小西灣道33號。,https://www.mcw.edu.hk,28967705,mcw@mcw.edu.hk,免費 (資助/官立),DSE,「本基督精神，發展全人教育；藉宣講福音，培育學生活出豐盛生命」。學校強調以愛心施教，並著重學生全人發展。
聖母無玷聖心書院,Immaculate Heart Of Mary College,资助,沙田区,新界沙田乙明邨。,https://www.ihmc.edu.hk,26471358,info@ihmc.edu.hk,免費 (資助/官立),DSE,學校以聖母瑪利亞撫育耶穌成長之信德為榜樣，效法她仁愛無私，甘願服務他人的福音精神，塑造充滿鼓勵、關懷之園地，一同學習，互重互諒，造福社群。
賽馬會體藝中學,Jockey Club Ti-I College,资助,沙田区,新界沙田火炭樂景街。,https://www.tic.edu.hk,26917150,info@tic.edu.hk,免費 (資助/官立),DSE,學校除提供正規文法中學課程外，亦讓學生發展體育、藝術的潛能。故此，學校極注重學生學業成就，亦重視其才能發展。學生離校時，應能掌握熟練的語文技巧，富分析與獨立思考能力，對學科、體育或藝術有出眾的造詣。
基督教女青年會丘佐榮中學,The YWCA Hioe Tjo Yoeng College,资助,九龙城,九龍何文田常和街6號。,https://www.htyc.edu.hk,27117159,info@htyc.edu.hk,免費 (資助/官立),DSE,本著基督精神，提供全人教育，促進學生在德、智、體、群、美、靈六育方面的成長和發展，委身社會，造福人群。
宣道會鄭榮之中學,Christian Alliance Cheng Wing Gee College,资助,沙田区,新界沙田大圍積運街12至14號。,http://www.cwgc.edu.hk,26049762,school@cwgc.edu.hk,免費 (資助/官立),DSE,本著基督精神，透過合一的教職員團隊，推行靈、德、智、體、群、美六育並重的全人教育，讓學生在滿有鼓勵和支持的環境中，建立自信、自律、自學精神，同時使他們認識福音、明道守禮、慎思明辨、貢獻國家及榮神益人。
香港神託會培基書院,Stewards Pooi Kei College,直资,沙田区,新界沙田小瀝源路56號。,http://www.spkc.edu.hk,23454567,info@spkc.edu.hk,免費 (資助/官立),DSE/國際課程,成為一所優質的基督教直資中學，引導學生認識基督真理，培育他們成為明日的領袖和「神託的管家」。學校致力於培育一群才德兼備的明日領袖。
東華三院李嘉誠中學,TWGHs Li Ka Shing College,资助,北区,新界粉嶺祥華邨。,https://www.twghlkss.edu.hk,26697455,twghlks@hotmail.com,免費 (資助/官立),DSE,推行全人教育，訓練學生自律自愛，誘發學生盡顯個人潛能。勉勵老師提升專業精神及能力，提供優質教育，為國家社會培育優秀人才。
聖文德書院,St. Bonaventure College and High School,资助,黄大仙,九龍慈雲山雙鳳街47號。,https://www.sbc.edu.hk,23238217,office@sbc.edu.hk,免費 (資助/官立),DSE,學校為一天主教學校，貫徹方濟會辦學精神，致力營造一個愉快學習的環境，推動學生以謙誠的學習態度，達於智慧。為學生提供靈、德、智、體、群、美六育並重的「全人教育」。
保良局馬錦明夫人章馥仙中學,PLK Mrs Ma Kam Ming-Cheung Fook Sien College,资助,离岛区,大嶼山東涌富東邨。,https://www.plkcfs.edu.hk,21091133,plkcfsmail@plkcfs.edu.hk,免費 (資助/官立),DSE,五育並重，為學生自我完善的基礎扎根。學以致用，把科學、人文、體藝、技術，融入生活。啟發學生的理想、希望與意志，將來貢獻社會。
保良局李城璧中學,PLK Lee Shing Pik College,资助,荃湾区,新界荃灣安賢街12-20號。,https://www.plklsp.edu.hk,24983393,inquiry@plklsp.edu.hk,免費 (資助/官立),DSE,善用社會資源，發掘學生潛能，提升教師專業，實施優質教育。
中華基督教會基朗中學,CCC Kei Long College,资助,元朗区,新界元朗鳳攸南街8號。,http://www.keilong.edu.hk,24754781,mailbox@keilong.edu.hk,免費 (資助/官立),DSE,本全人教育精神，相信學生有價值、才能和潛質，重視生命成長。陪伴學生在學業上發掘求知興趣；在品德上塑造健全人格；透過基督教信仰建立豐盛人生。
伊利沙伯中學舊生會中學,Queen Elizabeth School Old Students' Association Secondary School,资助,元朗区,新界天水圍天城路18號。,https://www.qos.edu.hk/,23386122,info@qos.edu.hk,免費 (資助/官立),DSE,實踐理想、承擔使命：教育在於啟發人的良知，使人追尋及實踐從善之道。每人也可因著教育得以成長向善，以愛和理性應用知識，以情和創意體現生命的美。
南屯門官立中學,South Tuen Mun Government Secondary School,官立,屯门区,新界屯門湖山路218號。,http://www.stmgss.edu.hk,24045506,stmgss@edb.gov.hk,免費 (資助/官立),DSE,提供良好學習環境，給予需要的支援，達致道德、學問、體格、社交、藝術的發展。讓學生發揮潛能，從而成為有信心、有責任感及為人著想的良好公民。
十八鄉鄉事委員會公益社中學,SPHRC Kung Yik She Secondary School,资助,元朗区,新界天水圍天城路20號。,https://www.sphrc.edu.hk,24478123,mail@sphrc.edu.hk,免費 (資助/官立),DSE,學校為學生提供優質「全人教育」，藉建立「嚴而有愛」的校園文化，培育學生的學業、品德、潛能及終身學習能力，使他們擁有知識、技能及健康的人生觀。
順德聯誼總會翁祐中學,Shun Tak Fraternal Association Yung Yau College,资助,元朗区,。,http://www.stfa-yyc.edu.hk,31570632,stfa_yyc@stfa-yyc.edu.hk,免費 (資助/官立),DSE,秉承順德聯誼總會「文、行、忠、信」的辦學精神，推行以學生為本的全方位全人優質教育。
聖公會呂明才中學,SKH Lui Ming Choi Secondary School,资助,南区,香港薄扶林華富道57號華富邨。,http://www.skhlmc.edu.hk,25514121,contact@skhlmc.edu.hk,免費 (資助/官立),DSE,學校以基督精神辦學，致力培養學生成為領袖、追求卓越、關愛社群；幫助學生發掘自己的天賦與能力，讓學生的個人質素得以提昇。
香港真光書院,Hong Kong True Light College,资助,南区,香港鴨脷洲利東邨道1號。,http://www.hktlc.edu.hk,28711214,hktlcoff@hkstar.com.hk,免費 (資助/官立),DSE,學校本著基督博愛的精神從事女子教育的工作，注重德智體群美靈的均衡教育，重視教導學生真光傳統的創造建設、愛群服務、克己犧牲、力求完善的精神。
仁濟醫院羅陳楚思中學,Yan Chai Hospital Law Chan Chor Si College,资助,观塘区,九龍九龍灣啟禮道。,https://www.ychlccsc.edu.hk,26821315,ychlccsc@ychlccsc.edu.hk,免費 (資助/官立),DSE,致力成為學習型組織的典範，讓學生在多元化的天地中愉快學習，經歷成功，發展潛能，成為懂得學習、懂得思考、關懷社群的個體。
妙法寺劉金龍中學,Madam Lau Kam Lung Secondary School Of Miu Fat Buddhist Monastery,资助,屯门区,新界屯門青山公路藍地段22號。,http://www.lkl.edu.hk,24619566,office@lkl.edu.hk,免費 (資助/官立),DSE,以佛陀「慈悲濟世」的精神，推行佛化教育，育智育德，貢獻社會，利樂人群，使學生圓融通達，具備樂觀進取的人生態度。
培僑中學,Pui Kiu Middle School,直资,东区,香港北角天后廟道190號。,https://www.pkms.edu.hk,25662317,info@pkms.edu.hk,免費 (資助/官立),DSE,發揮「以人為本，發展創新」的精神，建設以「培養青年領袖人才」為特色的學校。
黃楚標中學,HKFEW Wong Cho Bau Secondary School,资助,离岛区,大嶼山東涌富東邨。,http://www.wcbss.edu.hk,21094005,contact@wcbss.edu.hk,免費 (資助/官立),DSE,校訓為「求實創新」，並以「團結、超越、關愛」為宗旨：提倡師生團結，重視團隊精神的團體；追求超越進取；建立關愛文化，締造和諧尊重的校園。
寧波公學,Ning Po College,资助,观塘区,九龍觀塘功樂道7號。,http://www.npc.edu.hk,23455633,info@npc.edu.hk,免費 (資助/官立),DSE,學校秉承校訓「恆毅」精神，以「嚴謹與關懷」的辦學態度推行全人教育，讓學生愉快和積極地學習，培育學生良好的品格與積極進取的人生觀，實踐對社會、國家的關懷及責任的承擔，成為自律守法的公民，並作出回饋和貢獻。
仁濟醫院王華湘中學,Yan Chai Hospital Wong Wha San Secondary School,资助,西贡区,新界將軍澳唐俊街8號。,https://www.ychwwsss.edu.hk,27060477,info@ychwwsss.edu.hk,免費 (資助/官立),DSE,以全方位的學習模式，多元化的創新課程，讓同學精通兩文三語，掌握最新的資訊科技知識，發展獨立思考，明辨是非的能力，以建立積極、正面的人生觀，熱心服務社會，愛國愛港。
寧波第二中學,Ning Po No.2 College,资助,观塘区,九龍觀塘順天邨。,http://www.np2c.edu.hk,23467465,info@np2c.edu.hk,免費 (資助/官立),DSE,秉承校訓「恒德弘毅」的精神，提供全面、優質及以學生為本的教育，讓學生愉快、積極地學習並持之以恒；培養良好品德及獨立思考能力，實踐對社會及國家的承擔。
屯門天主教中學,Tuen Mun Catholic Secondary School,资助,屯门区,新界屯門建生邨。,https://www.tmcss.edu.hk,24632082,info@home.tmcss.edu.hk,免費 (資助/官立),DSE,傳揚耶穌基督愛和公義的福音精神，培養學生以勇氣實踐倫理道德，成己達人；培養學生運用智慧，應用所學，創造美好的人生，貢獻社群。
屯門官立中學,Tuen Mun Government Secondary School,官立,屯门区,新界屯門青山公路青山灣段393號。,https://www.tmgss.edu.hk,24580459,enquiry@mail.tmgss.edu.hk,免費 (資助/官立),DSE,尊德問學，全人教育，致知達善。
廖寶珊紀念書院,Liu Po Shan Memorial College,资助,荃湾区,新界荃灣蕙荃路22-66號。,http://www.lpsmc.edu.hk,24996711,info@lpsmc.edu.hk,免費 (資助/官立),DSE,校訓為「創業興仁」，致力青年教育工作。學校銳意發展為一所提供優質教育的出色學府，締造富創意而充滿活力的學習環境，讓學生全面發展，建立崇高的價值觀，並透過愉快學習發揮個人的潛能。
路德會呂祥光中學,Lui Cheung Kwong Lutheran College,资助,屯门区,新界屯門安定邨。,http://www.lck.edu.hk,24503618,lckoffice@lck.edu.hk,免費 (資助/官立),DSE,按照聖經真理立場提供全人教育，培養學生在靈、德、智、體、群、美六方面的均衡發展，以期他們成為榮神愛人的社會棟樑。
金文泰中學,Clementi Secondary School,官立,东区,香港北角炮台山道30號。,http://www.clementi.edu.hk,25706411,css@edb.gov.hk,免費 (資助/官立),DSE,學校致力提供均衡教育，讓學生在愉快的環境中學習，建立正確的價值觀及積極的人生觀，貫徹校訓「文行忠信」的精神，追求卓越，活出豐盛人生。
鳳溪廖萬石堂中學,Fung Kai Liu Man Shek Tong Secondary School,资助,北区,新界上水鳳南路6號。,http://www.fklmstss.edu.hk,26736106,info@fklmstss.edu.hk,免費 (資助/官立),DSE,以「謙、信、勤、敏」為訓，實施全人教育。鍛鍊學生獨立思考能力，建立正確人生觀，並提供優良學習環境，讓學生發展潛能，回饋社會。
顯理中學,Henrietta Secondary School,资助,东区,香港北角城市花園道2號。,https://www.henrietta.edu.hk,25701466,hss-mail@henrietta.edu.hk,免費 (資助/官立),DSE,秉承基督教教育精神辦學，全力培育人才，積極貫徹全人教育，強調全方位學習，培訓學生學習技能，發揮個人潛質，陶鑄性情，待人處事，愉快生活。
羅定邦中學,Law Ting Pong Secondary School,直资,大埔区,新界大埔馬聰路8號。,http://www.ltpss.edu.hk,26851210,ltpss@ltpss.edu.hk,免費 (資助/官立),DSE,學校提供多元化學習機會，讓學生盡展所長。引導學生在品德、心理、情感、智力、體能及美育各方面有均衡的發展。培育學生成為勇於承擔責任的良好公民。
何文田官立中學,Homantin Government Secondary School,官立,九龙城,九龍何文田巴富街8號。,https://www.hmtgss.edu.hk,27112680,mail@hmtgss.edu.hk,免費 (資助/官立),DSE,學校發展全人教育，讓學生人盡其才，貢獻社會。
九龍文理書院,Cognitio College (Kowloon),资助,九龙城,九龍九龍城沐虹街6號。,http://www.cckln.edu.hk,23231741,cckmail@cckln.edu.hk,免費 (資助/官立),DSE,學校致力為學生提供全人教育，德、智、體、群、美並重，發展學生潛能，培養他們服務國家和社會的承擔精神。（位於啟德發展區的新校舍以環保、創意、開放、學習四大元素興建，樓高五層，分高中教學樓、初中教學樓、研習樓和綜合大樓，設有創客天地、環保園、太陽能板等新設施。於 2019 學年正式啟用及遷至九龍城區校網。）
保良局胡忠中學,PLK Wu Chung College,资助,沙田区,新界沙田馬鞍山恆安邨。,https://www.plkwcc.edu.hk,26415866,school@plkwcc.edu.hk,免費 (資助/官立),DSE,以「愛敬勤誠」為校訓，貫徹保良局辦學方針：五育並重、全人發展、服務社會、熱愛人生。培養同學在德智體群美有均衡發展，健康成長，盡展所長，樂觀、勇敢面對逆境，己欲達而達人；鼓勵同學積極參與社區服務，多感懷，多反思，用愛懷抱人生。
基督書院,Christ College,资助,沙田区,新界沙田博康邨5A區。,https://www.christcollege.edu.hk,26353330,info@christcollege.edu.hk,免費 (資助/官立),DSE,本著主耶穌基督的愛心，聖經的真理和原則，致力推行全人教育，使學生在德、智、體、群、美及靈育各方面均衡增長。
東華三院伍若瑜夫人紀念中學,TWGHs Mrs Wu York Yu Memorial College,资助,葵青区,新界葵涌安捷街13-21號。,http://www.twghwyyms.edu.hk,24285129,wyymail@twghwyyms.edu.hk,免費 (資助/官立),DSE,學校秉承東華三院的辦學精神，實施「全人教育」，讓學生發揮潛能；並以校訓「勤、儉、忠、信」為進德修業的依歸，勉勵學生拓展豐盛而有意義的人生。
東華三院吳祥川紀念中學,TWGHs S C Gaw Memorial College,资助,葵青区,新界青衣市中心清心街。,http://www.twghscgms.edu.hk,24950226,info@twghscgms.edu.hk,免費 (資助/官立),DSE,以學生為本，因材施教。著重學生在德、智、體、群、美五育得到平衡的發展。
馬鞍山崇真中學,Ma On Shan Tsung Tsin Secondary School,资助,沙田区,新界沙田馬鞍山恆信街5號。,https://www.mosttss.edu.hk,26404938,mosttss@mosttss.edu.hk,免費 (資助/官立),DSE,提供質素優良及基督化全人教育，培育學生在德智體群美靈各方面的健全發展，讓學生成為品格高尚、思想靈活、體魄強壯、慎思明辨、敬業樂群、有積極及正確人生觀的青年，能建立美滿豐盛人生，貢獻社會，服務人群。
馬鞍山聖若瑟中學,Ma On Shan St. Joseph's Secondary School,资助,沙田区,新界沙田馬鞍山恆光街8號。,https://www.mossjss.edu.hk,26339913,mossjss008@eservices.hkedcity.net,免費 (資助/官立),DSE,發揚天主教及方濟會教育之優良傳統，引導學生認識天主教信仰，將信仰融入生活，建立積極人生觀，成己成人，達至「敬天樂仁，博學篤行」。
陳瑞祺喇沙書院,Chan Sui Ki (La Salle) College,资助,九龙城,九龍何文田常和街4號。,https://www.csklsc.edu.hk,27118175,info@csklsc.edu.hk,免費 (資助/官立),DSE,秉承喇沙會精神，給予青少年人文和基督的教育，並對貧困或需援助的兒童特別關注。提供全人教育，使學生在德、智、體、群、美五育方面得到均衡發展。以ＣＳＫ校名訂立「學習社羣」「服務他人」「追尋知識」三個目標。
保良局馬錦明中學,PLK Ma Kam Ming College,资助,北区,新界粉嶺華明路38號。,http://www.plkmkmc.edu.hk,26794545,mkm@plkmkmc.edu.hk,免費 (資助/官立),DSE,學校秉承保良局的辦學方針，五育並重，為學生提供多元化的機會，讓他們汲取知識，鍛煉體格，掌握共通能力，建立優良品格，適應未來社會的需要和變化。
粉嶺禮賢會中學,Fanling Rhenish Church Secondary School,资助,北区,新界粉嶺聯和墟聯益街1號。,https://www.frcss.edu.hk,29473698,mail@frcss.edu.hk,免費 (資助/官立),DSE,讓學生在德、智、體、群、美及靈育各方面得到均衡的發展，並鼓勵同學努力進取學習、明白及彰顯真道、裝備自己，尋獲並實現豐盛的人生。
迦密愛禮信中學,Carmel Alison Lam Foundation Secondary School,资助,葵青区,新界葵涌華景山道4號。,http://www.calfss.edu.hk,27445117,calfss.mail@calfss.edu.hk,免費 (資助/官立),DSE,學校為一所提供全人教育的基督教中學，學校不斷提高學術水平，幫助同學認識神，建立正確的人生觀和價值觀、慎思明辨、律己盡責、孝順父母、忠主善群。
中華傳道會李賢堯紀念中學,CNEC Lee I Yao Memorial Secondary School,资助,葵青区,新界葵盛盛福街1號。,http://www.liymss.edu.hk/,24204141,mailbox@vclass.liymss.edu.hk,免費 (資助/官立),DSE,以基督的教訓培養同學成為品學兼優青年為目標，以便他們能迎接未來的挑戰，並秉持以下信念教導學生：珍貴學生、欣賞學生付出的努力、獎勵學習成果。
佛教孔仙洲紀念中學,Buddhist Hung Sean Chau Memorial College,资助,黄大仙,九龍斧山平定道10號。,https://www.bhscmc.edu.hk,23226915,mail@bhscmc.edu.hk,免費 (資助/官立),DSE,本佛化教育的精神，配合時代發展的需要，為學生提供良好的學習環境及接受均衡教育的機會。
梁省德中學,AD&FD POHL Leung Sing Tak College,资助,荃湾区,新界荃灣石圍角邨。,https://www.lstc.edu.hk,24145151,lst-mail@lstc.edu.hk,免費 (資助/官立),DSE,以德智體群美五育為本，推行反璞歸真教育，成為一高效能學校，發揮社會流動功能，使學生成為有良好品德和文化修養的青年，為香港特區和國家服務。
中華基督教青年會中學,Chinese YMCA Secondary School,直资,元朗区,新界天水圍天富苑。,https://www.cymcass.edu.hk,25408650,school@cymcass.edu.hk,免費 (資助/官立),DSE,學校由香港中華基督教青年會於1961年創辦，奉耶穌基督為主，以聖經真理為基礎，推行德、智、體、群、美、靈六育並進之基督教完人教育，以建立學生的基督化人格為教育之最高目標。
港青基信書院,YMCA Of Hong Kong Christian College,直资,离岛区,大嶼山東涌松逸街2號。,https://www.yhkcc.edu.hk,29888123,info@yhkcc.edu.hk,免費 (資助/官立),DSE/國際課程,本著基督教的信念，為學生營造一個優質的學習環境，並培養一個具啟發性的學習風氣。另外，透過老師、家長及學生三方面的共同合作，開拓更優質的教育。
鄧兆棠中學,YLPMSAA Tang Siu Tong Secondary School,资助,元朗区,新界天水圍屏廈路。,https://www.tstss.edu.hk,24461661,message@tstss.edu.hk,免費 (資助/官立),DSE,培養學生均衡發展，五育並重為辦學宗旨，務求鞏固學生語文基礎，注重德育群育，培養學生良好的品格，廣泛組織聯課活動，發揮正規課程以外的教育功能。
博愛醫院鄧佩瓊紀念中學,POH Tang Pui King Memorial College,资助,元朗区,新界元朗朗屏邨第三期。,http://www.tpk.edu.hk,24741576,pohtpkmc@tpk.edu.hk,免費 (資助/官立),DSE,學校特別關注同學的學業成績，品德教育及全方位發展。同時校方全力培養學生兩文三語的能力，務使所有學生能以兩文三語與人溝通。
天水圍官立中學,Tin Shui Wai Government Secondary School,官立,元朗区,新界天水圍天耀邨第二期。,https://www.tswgss.edu.hk,24450967,tswgss@edb.gov.hk,免費 (資助/官立),DSE,致力於提供優良學習環境，發展學生潛能，著重道德及智能培育，培養學生正確人生觀，透過通才教育鍛鍊學生成為理智及負責任的公民。
香港神託會培敦中學,Stewards Pooi Tun Secondary School,资助,黄大仙,九龍黃大仙斧山道162號。,https://www.pooitun.edu.hk,23265211,info@pooitun.edu.hk,免費 (資助/官立),DSE,以基督精神辦學，貫徹全人關懷的教育理想，引導學生認識真理、效法基督；培養學生的良好品格、正確的價值觀、積極的人生觀及獨立思考的能力，發展學生潛能。
元朗裘錦秋中學,Ju Ching Chu Secondary School (Yuen Long),资助,元朗区,新界天水圍天湖路5號。,http://www.jccssyl.edu.hk,24450228,enquiry@jccssyl.edu.hk,免費 (資助/官立),DSE,本著校訓自強不息的精神，以學生為本，注重五育均衡發展，培養勤奮學習、獨立思考、探索真理的精神，發展學生潛能，使其具有良好操守及健康積極態度。
救恩書院,Kau Yan College,资助,大埔区,新界大埔富善邨。,https://www.kyc.edu.hk,26608308,mail@kyc.edu.hk,免費 (資助/官立),DSE,本著基督仁愛精神，提供全人教育，為學生建立積極、健康的學習環境，使學生在五育及靈育得到均衡發展，從而服侍人群，關心社會，對國家民族作出貢獻。
宣道中學,Christian Alliance College,资助,屯门区,新界屯門良才里11號。,https://www.cactm.edu.hk/,24692080,cac@cactm.edu.hk,免費 (資助/官立),DSE,引導學生認識基督教真理，建立正確的人生觀和價值觀，從而啟發學生身心潛能，律己愛人，貢獻社會。
東華三院呂潤財紀念中學,TWGHs Lui Yun Choy Memorial College,资助,西贡区,新界將軍澳毓雅里8號。,https://www.lycmc.edu.hk,27060743,info@lycmc.edu.hk,免費 (資助/官立),DSE,教導學生獨立思考，培養創意、國際視野及社會承擔感；學業成績與情意發展並重，發展特色校本課程，建立三語兩文基地；並發展以藝術、服務和體育為核心的多元化活動，培養二十一世紀優秀公民及領導人才。
佛教大雄中學,Buddhist Tai Hung College,资助,深水埗,九龍深水埗蘇屋長發街38號。,http://www.bthc.edu.hk,23862988,office@mail.bthc.edu.hk,免費 (資助/官立),DSE,教導學生淳樸篤實，謙和克己，學思奮進，自主自強，愛護關懷。
崇真書院,Tsung Tsin College,资助,屯门区,新界屯門良才里9號。,http://www.ttc.edu.hk,24637373,ttc@eclass.ttc.edu.hk,免費 (資助/官立),DSE,建立追求優質、關懷愛顧、同舟共濟、基督為師校園文化，盼在此種文化氛圍下，老師教有其法，學生亦學有其道，共同建立一所培育及豐富生命的健康學校。
匯基書院,United Christian College,按位津贴,深水埗,九龍大坑東棠蔭街11號。,https://www.ucc.edu.hk,27778344,ucc-mail@ucc.edu.hk,免費 (資助/官立),DSE/國際課程,提供以聖經真理為基礎的全人教育，培育學生成為良好公民；著重學生的語文和自學能力，為升讀大學作好準備，奠定終身學習的基礎。（註：學校已獲分配位於觀塘宏照道擬建之中學校舍。）
香港仔浸信會呂明才書院,Aberdeen Baptist Lui Ming Choi College,资助,南区,香港鴨脷洲利東邨道18號。,http://www.ablmcc.edu.hk,25526875,info@ablmcc.edu.hk,免費 (資助/官立),DSE,秉承基督教精神辦學，重視家校合作。透過知識、技能的灌輸，課外活動的啟發，讓學生的潛質得以發揮。使之能獨立思考，明辨是非，學會與人相處及承擔責任。
東華三院張明添中學,TWGHs Chang Ming Thien College,资助,深水埗,九龍深水埗南昌街300號。,http://www.twghcmts.edu.hk,27792986,info@twghcmts.edu.hk,免費 (資助/官立),DSE,為社會提供完善及多元化的教育服務，作育英才，使兒童及青少年成長後能盡展所長，回饋社會。
路德會協同中學,Concordia Lutheran School,资助,深水埗,九龍石硤尾大坑東道12號。,http://www.cls.edu.hk,23808837,mail@cls.edu.hk,免費 (資助/官立),DSE,施行基督化全人教育，培養學生在靈、德、智、體、群、美六方面的均衡發展，以期他們成為榮神愛人的社會棟樑。
保良局甲子何玉清中學,PLK Ho Yuk Ching (1984) College,资助,西贡区,新界將軍澳集福路2號。,https://www.plk1984.edu.hk,27037363,info@plkhyc1984.edu.hk,免費 (資助/官立),DSE,學生為本，培育學生獨立思考及創意，發掘其興趣及潛能，並建立自尊、自信及愛人如己之素質，讓莘莘學子在德、智、體、羣、美、靈各方面獲得全面發展，日後貢獻社會和國家。
基督教香港信義會信義中學,ELCHK Lutheran Secondary School,资助,油尖旺,九龍窩打老道52號。,http://www.lss.edu.hk,27802291,contact@lss.edu.hk,免費 (資助/官立),DSE,以基督精神辦學。提供理想學習環境及均衡的基礎教育，讓學生認識基督。並培養學生正確人生觀及價值觀，使其發揮潛能、實踐所學、承擔責任、服務社群。
聖道迦南書院,ECF Saint Too Canaan College,直资,观塘区,九龍觀塘利安里6號。,https://www.stcc.edu.hk,23720033,info@stcc.edu.hk,免費 (資助/官立),DSE,藉著聖經真理，透過實踐愛的教育，建立充滿創意、積極進取、關懷互信的校園，協助學生建立和諧的社群關係，發揮獨特潛質，在知識、品德、情意方面成長，成為負責任、情理兼備、胸襟廣闊、追求卓越的青年人。
東涌天主教學校,Tung Chung Catholic School,资助,离岛区,大嶼山東涌逸東邨。,http://www.tccs.edu.hk,21210884,email@tccs.edu.hk,免費 (資助/官立),DSE,體現教育局「廿一世紀教育藍圖」所提倡的「一條龍」學校設計，中、小學教學一貫，重視學習過程，堅持學生個人的學習模式及興趣，獲得成功的學習經驗。
基督教聖約教會堅樂中學,The Mission Covenant Church Holm Glad College,资助,观塘区,九龍觀塘曉明街26號。,https://www.holmglad.edu.hk,27274311,contact@holmglad.edu.hk,免費 (資助/官立),DSE,學校本著基督耶穌慈愛與救贖的精神，實踐全人教育與優質教育理想。學校致力提供完善學習環境，引導學生認識基督福音真理及中國文化，啟發學生潛能。
圓玄學院第二中學,HKTA The Yuen Yuen Institute No.2 Secondary School,资助,大埔区,新界大埔富善邨。,http://www.yy2.edu.hk,26616038,enquiry@yy2.edu.hk,免費 (資助/官立),DSE,秉承母會「道化教育」的宗旨，致力發展及提高學生的能力，使他們能立足於高科技、多資訊的社會，並過優質的生活。
慈幼英文學校,Salesian English School,资助,东区,香港筲箕灣柴灣道16號。,https://www.ssshk.edu.hk,28843581,admin@ssshk.edu.hk,免費 (資助/官立),DSE,秉承會祖聖若望鮑思高神父所倡導的「預防教育法」，以理智、仁愛和宗教為三大原則，並透過鼓勵和勸勉，引導學生追求積極人生，將來為社會作出貢獻。
港九潮州公會中學,Hong Kong and Kowloon Chiu Chow Public Association Secondary School,资助,油尖旺,九龍旺角洗衣街150號。,http://www.ccpass.edu.hk,23964187,go@ccpass.edu.hk,免費 (資助/官立),DSE,學校秉承潮籍人士治事勤謹樸實的精神，培育莘莘學子，使成為敬愛祖國、品格高尚、操守廉潔、知識淵博、五育俱備的良好公民。
順德聯誼總會鄭裕彤中學,Shun Tak Fraternal Association Cheng Yu Tung Secondary School,资助,西贡区,新界將軍澳學林里9號。,https://www.cyt.edu.hk/,21910291,info@cyt.edu.hk,免費 (資助/官立),DSE,「教好每一個學生」是學校的理想。「為學生提供優質教育，為社會培育優秀人才」是學校的使命。「每一個學生皆可培育成才」是學校的信念。
寶血女子中學,Precious Blood Secondary School,资助,东区,香港柴灣新廈街338號。,https://www.pbss.edu.hk,25704172,contact@pbss.edu.hk,免費 (資助/官立),DSE,德育為首，智育為輔，靈育為本。秉承天主教的仁愛精神，結合信仰、文化與生活，達至全人教育，自我實現。
港九街坊婦女會孫方中書院,Hong Kong and Kowloon Kaifong Women's Association Sun Fong Chung College,资助,大埔区,新界大埔大埔公路大埔滘段4643號。,http://sunfc.school.hk,26567123,info@sunfc.edu.hk,免費 (資助/官立),DSE,秉承辦學團體的辦學方針，注重學生兩文三語培訓，乃香港首間以普通話為教學語言的津貼中學。發掘學生多元智能，使他們得到全面而具個性的發展，樂於終身學習，成為有創意、具應變能力、富責任感及積極進取的公民。
東華三院辛亥年總理中學,TWGHs Sun Hoi Directors' College,资助,屯门区,新界屯門湖景邨。,https://www.shd.edu.hk,24645220,mail@shd.edu.hk,免費 (資助/官立),DSE,發揮校本精神，以「學行並駕創高峰，辛亥為家樂融融」貫串十五項學校目標。又以校訓「勤儉忠信」為進德修業的依歸，把教、訓、輔三者結合為一。
孔教學院大成何郭佩珍中學,Confucian Tai Shing Ho Kwok Pui Chun College,资助,大埔区,新界大埔富善邨。,http://www.ctshkpcc.edu.hk,26665926,info@ctshkpcc.edu.hk,免費 (資助/官立),DSE,秉承孔教學院精神，以推廣孔教，弘揚孔道，化導人心，發揚我國固有道德文化，為社會培育才德兼備人材為宗旨。在提高學生的學術成績外，全力推行德、智、體、群、美五育，以期學生有更全面的教育及健全的成長。
佛教覺光法師中學,Buddhist Kok Kwong Secondary School,资助,沙田区,新界沙田沙角邨。,https://www.bkkss.edu.hk,26473737,bkkssoffice@gmail.com,免費 (資助/官立),DSE,本佛化教育的精神，配合時代進展的需要，向學生提供良好的學習環境及接受均衡教育的機會，使他們得到全面的發展。
博愛醫院陳楷紀念中學,POH Chan Kai Memorial College,资助,沙田区,新界沙田隆亨邨。,http://www.pohck.edu.hk,26044118,pohckmc@gmail.com,免費 (資助/官立),DSE,培養學生在德智體群美五育的發展，使成為踏實而有責任感的良好公民。學校今年度以「實事求是：促成績，守紀律，倡環保。」為目標
馮堯敬紀念中學,HKCWC Fung Yiu King Memorial Secondary School,资助,沙田区,新界沙田馬鞍山恆光街10號。,http://www.fyk.edu.hk,26404968,info@fyk.edu.hk,免費 (資助/官立),DSE,學校秉承香港中國婦女會嚴謹的辦學精神，提供多元優質教育，實現校訓博學篤志，建立學生完美人格，培育社會棟樑。
聖公會基孝中學,SKH Kei Hau Secondary School,资助,观塘区,九龍藍田啟田道5號。,http://www.keihau.edu.hk,23460252,info@keihau.edu.hk,免費 (資助/官立),DSE,學校以「上帝是愛」為校訓，秉承基督精神，發展學生潛能，確立人生目標。學校銳意培養學生明辨是非及自律自愛，教導同學善用時間，認真學習。
陳震夏中學,CUHKFAA Chan Chun Ha Secondary School,资助,沙田区,新界沙田馬鞍山西沙路632號。,https://www.cch.edu.hk,26305006,info@cch.edu.hk,免費 (資助/官立),DSE,學校以「博文約禮」為校訓，培養學生勤奮力學，敦品勵行；敢於創新，勇於承擔；獨立思考，明辨是非；關心社會，樂於服務；對國家民族有使命感。
樂善堂顧超文中學,Lok Sin Tong Ku Chiu Man Secondary School,资助,葵青区,新界葵涌葵盛圍301號。,https://www.lstkcmss.edu.hk,24295171,email@lstkcmss.edu.hk,免費 (資助/官立),DSE,為青少年提供優質的學校教育，發展學生潛能；透過不倦的自學、體驗和實踐，建立積極的人生態度、熱心服務的精神和貢獻社會的胸懷。
五旬節中學,Pentecostal School,资助,九龙城,九龍巴富街14號。,http://www.pentecostalschool.edu.hk,27132772,pentecostalschool@gmail.com,免費 (資助/官立),DSE,學校以傳福音為宗旨，引導學生認識真理，並依照教育局所規定標準課程，以求學生在靈、德、智、體、群、美各方面均衡發展。
荃灣聖芳濟中學,St. Francis Xavier's School Tsuen Wan,资助,荃湾区,新界荃灣咸田街60-64號。,https://www.sfxs.edu.hk,24920226,sfs-principal@hkedcity.net,免費 (資助/官立),DSE,教育學生成為有才能、獨立、盡責而且正義的公民，內蘊基督道德價值精神為社會服務。
浸信會永隆中學,Baptist Wing Lung Secondary School,资助,屯门区,新界屯門河興街6A大興花園第2期。,https://www.bwlss.edu.hk,24643638,bwlss@bwlss.edu.hk,免費 (資助/官立),DSE,本基督精神辦學，栽培學生在德、智、體、群、美、靈六方面均衡發展。堅持母語教學理想，重視中英語文訓練，亦致力環境教育，為社會的持續發展作貢獻。
漢華中學,Hon Wah College,直资,东区,香港柴灣小西灣富欣道3號。,http://www.honwah.edu.hk,28171746,info@honwah.edu.hk,免費 (資助/官立),DSE,以提供優質教育為己任，以提高學生綜合素質為目標，培育學生成為廿一世紀知識型經濟的新一代，為香港、為中國、為世界作出貢獻。（學校為一所有參加統一派位的直資學校，推行英語教學多年。英國語文科等科目採用小班教學，並把戲劇融入課程。初中每級設全英班，所有科目以英語作為教學語言。另一班大部份科目以英語作為教學語言。高中教學語言銜接初中，設有英文組。）
福建中學小西灣,Fukien Secondary School (Siu Sai Wan),资助,东区,香港柴灣小西灣富怡道2號。,http://www.fss.edu.hk,25669223,email@fss.edu.hk,免費 (資助/官立),DSE,建設教學嚴格、紀律嚴明的學校；樹立積極進取、充滿關懷的校園文化；培養中英兼擅、意志堅強、視野廣闊、愛國愛港、喜愛藝術，具創意與責任感的學生。
鄧鏡波學校,Tang King Po School,资助,九龙城,九龍天光道16號。,http://www.tangkingpo.edu.hk,27125171,info@tangkingpo.edu.hk,免費 (資助/官立),DSE,奉行會祖鮑思高神父「預防教育法」，配合社會需要，促進全人發展，宣揚福音，實踐「立己立人」的精神，並培育學生成為「良好的公民與熱誠的基督徒」。
香港鄧鏡波書院,Hong Kong Tang King Po College,资助,湾仔区,香港堅尼地道25-27號。,https://www.hktkpc.edu.hk,25272427,school@hktkpc.edu.hk,免費 (資助/官立),DSE,藉著理智、信仰道德及慈愛薰陶，協助年青人學習、成長。使其建立積極人生態度和正確價值觀。培養自學、自律及自治精神；及訓練其策劃、領導的能力。
聖公會梁季彜中學,SKH Leung Kwai Yee Secondary School,资助,观塘区,九龍觀塘曉明街28號。,http://www.skhlkyss.edu.hk,27274321,lky@house.skhlkyss.edu.hk,免費 (資助/官立),DSE,本基督精神辦學，培訓學生六育及均衡發展，讓學生認識福音，培養正確的人生觀，鍛鍊學生獨立思考，提升個人品格，使學生各展所長，履行公民責任。
順德聯誼總會胡兆熾中學,Shun Tak Fraternal Association Seaward Woo College,资助,九龙城,九龍何文田巴富街22號。,http://www.stfaswc.edu.hk,27621183,office@stfaswc.edu.hk,免費 (資助/官立),DSE,學校秉承母會辦學宗旨，提供優質教育，在課程及教學上力求完善，以適應社會的轉變及學生的需要，使各學生日後能成為良好公民。
石籬天主教中學,Shek Lei Catholic Secondary School,资助,葵青区,新界葵涌石蔭安捷街23-31號。,http://www.slc.edu.hk,24291221,email@slc.edu.hk,免費 (資助/官立),DSE,秉承基督福音精神，貫徹天主教辦學宗旨，提供「全人教育」，德、智、體、群、美、靈六育並重；並致力培養學生具備「謙遜和平」的精神。
基督教香港信義會心誠中學,Fanling Lutheran Secondary School,直资,北区,新界粉嶺馬會道270號。,https://www.flss.edu.hk,26700541,flss@flss.edu.hk,免費 (資助/官立),DSE,以「提供優質全人教育、服務社會、見證基督」為辦學宗旨，幫助學生發展多元智能，使他們將來成為能獨立思考、能面對時代挑戰、能服務社會的優質公民。
宣道會陳朱素華紀念中學,Christian Alliance S W Chan Memorial College,资助,北区,新界粉嶺暉明路12號。,https://www.caswcmc.edu.hk,26709229,school@caswcmc.edu.hk,免費 (資助/官立),DSE,本著基督精神，發展全人教育。學校相信每個學生皆神獨特之創造，致力培育學生自尊與潛能，讓學生在靈、德、智、體、群、美六育上全面成長，發揮所長。
荔景天主教中學,Lai King Catholic Secondary School,资助,葵青区,新界葵涌荔景邨。,http://www.lkcss.edu.hk,27441610,lkcss@lkcss.edu.hk,免費 (資助/官立),DSE,學校秉承基督愛與犧牲精神，引導學生體現福音中智義勇節之德行；致力發揮學生個人潛能、培養積極的人生觀，鍛煉獨立思考、明辨是非、自學自律的能力。
葵涌蘇浙公學,Kiangsu-Chekiang College (Kwai Chung),资助,葵青区,新界葵涌興盛路83號。,http://www.kcckc.edu.hk,24202103,kcckc@kcckc.edu.hk,免費 (資助/官立),DSE,啟發學生的學習潛能和培養健全人格，提升學業成績及品德修養，以課餘活動作調劑。強調學生自律、自覺的精神，以真誠、理解和尊重與人交往。
粉嶺救恩書院,Fanling Kau Yan College,资助,北区,新界粉嶺欣盛里3號。,https://www.fkyc.edu.hk,21444545,info@fkyc.edu.hk,免費 (資助/官立),DSE,學校相信每個孩子都有尊嚴，都可教導，都可成功。學校效法基督以「生命影響生命」的精神，為香港培育一群追求卓越、樂於奉獻、勇於承擔的新一代。
馬錦燦紀念英文中學,HHCKLA Buddhist Ma Kam Chan Memorial English Secondary School,资助,北区,新界粉嶺聯和墟聯益街9號。,https://www.bmkc.edu.hk,26699208,info@bmkc.edu.hk,免費 (資助/官立),DSE,藉著佛化教育，使學生覺悟自己所具備的本質，令思想純潔正確，指導自己的說話和行為，誠懇有禮，符合儀範法則，成為社會良好公民。
中華基督教會燕京書院,CCC Yenching College,资助,葵青区,新界青衣牙鷹洲街12號。,https://www.yenching.edu.hk,23879988,info@yenching.edu.hk,免費 (資助/官立),DSE,學校以基督愛心為動力，以人為本作信念，用積極進取的態度，提供優質教育，啟發學生潛能，分享整全福音及豐盛生命；培育學生成為良好的公民，回饋社會，貢獻國家。
元朗公立中學,Yuen Long Public Secondary School,官立,元朗区,新界元朗水牛嶺公園南路22號。,https://www.ylpss.edu.hk/,24762357,ylpss@edb.gov.hk,免費 (資助/官立),DSE,透過一個積極與和諧的學習環境，致力於教育學生，使他們在德、智、體、群、美五育方面得到均衡的發展。
宏信書院,ELCHK Lutheran Academy,直资,元朗区,新界元朗馬田攬口村路25號。,https://www.luac.edu.hk,82082092,info@luac.edu.hk,免費 (資助/官立),DSE,學校立志培育未來一代成為世界領袖。透過十二年一貫的中小學教育，學校期望下一代能具備良好品格、正確的價值觀及態度和兩文三語的良好基礎。他們不但能享受獨特的學習經歷，還懂得關愛社群、關心國家及放眼世界。
天水圍循道衞理中學,Tin Shui Wai Methodist College,资助,元朗区,新界天水圍天富苑。,https://www.tswmc.edu.hk,31562500,mail@tswmc.edu.hk,免費 (資助/官立),DSE,本基督精神，發展全人教育；藉宣講福音，培育豐盛生命。學校強調以人為本的教育，並秉承「一條龍」的辦學宗旨，不放棄任何一個學生。
五旬節聖潔會永光書院,PHC Wing Kwong College,资助,黄大仙,九龍橫頭磡龍翔道155號。,https://www.wingkwong.edu.hk,23370137,webmaster@wingkwong.edu.hk,免費 (資助/官立),DSE,學校信仰耶穌基督，遵從基督聖道，高舉基督旌旗，實行全人教育，致力於啟發學生的求知慾，讓學生能建立獨立而有創見的思考能力，培育多元的潛能，自信積極的人生觀，俾能對個人、家庭、社會、國家乃至世界，克盡本份。
嘉諾撒培德書院,Pui Tak Canossian College,资助,南区,香港香港仔貝璐道200號。,https://www.ptcc.edu.hk,25540780,ptcc@ptcc.edu.hk,免費 (資助/官立),DSE,學校致力培育學生品德，令使自發向善、自愛自律、自我挑戰，並勇於承擔責任。學校期望學生透過實踐，敦品勵學，充實人生，貢獻社會。
新生命教育協會平安福音中學,NLSI Peace Evangelical Secondary School,资助,屯门区,新界屯門恆貴街3號。,http://www.nlsipess.edu.hk/,24401828,enquiry@nlsipess.edu.hk,免費 (資助/官立),DSE,按聖經立場施行靈、德、智、體、群、美六育並重之優質全人教育。以愛心及聖經真理培育青少年身、心、靈、智全面成長。
鄧英喜中學,POH 80th Anniversary Tang Ying Hei College,资助,西贡区,新界將軍澳唐賢里2號。,https://www.pohtyh.edu.hk,22463221,webadmin@pohtyh.edu.hk,免費 (資助/官立),DSE,以實踐全人教育為理想，致力提供一個愉快、溫馨、關愛的學習環境，啟發學生潛能，培育其成為愉快及懂得不斷學習的良好公民。
金巴崙長老會耀道中學,Cumberland Presbyterian Church Yao Dao Secondary School,资助,元朗区,新界元朗康業街28號。,http://www.cpcydss.edu.hk,24730777,info@cpcydss.edu.hk,免費 (資助/官立),DSE,秉承基督教信仰，相信人乃神的形象，具尊貴、自由、創意、感通相愛與自我超越的特質。教育可以將其潛能孕育發揮，雕塑生命，提昇人文精神價值。
聖伯多祿中學,St. Peter's Secondary School,资助,南区,香港香港仔水塘道21號。,https://www.stpeter.edu.hk,25520080,email@stpeter.edu.hk,免費 (資助/官立),DSE,學校竭力實踐天主教的全人教育理想，除傳授知識與技能，尤著重陶冶品格，使學生在身心、人際關係及社會責任三方面同步成長。教職員本著愛心培育學生，鍥而不捨。
可譽中學,Ho Yu College and Primary School (Sponsored by Sik Sik Yuen),资助,离岛区,大嶼山東涌健東路4-6號。,http://www.hoyu.edu.hk,21091001,mail@hoyu.edu.hk,免費 (資助/官立),DSE,秉承黃大仙師「普濟勸善」的寶訓，透過儒、釋、道三教要義，教導學生修養品德，發揚樂善好施、服務社會的精神。重視學生五育的發展，培養學生獨立思考的能力，並具自學的習慣及終身學習的態度。
寶覺中學,Po Kok Secondary School,资助,西贡区,新界將軍澳彩明街9號彩明苑。,http://www.pokok.edu.hk,27022863,pokok@pokok.edu.hk,免費 (資助/官立),DSE,弘揚佛教「慈悲博愛」的精神。啟迪創意、培養思考、使學生具備終身學習的能力。以學生為本，強調「五自教育」，旨在建立學生健康的自我形象，培養學生的自信心、自治、自學和自我評估。
天主教伍華中學,Ng Wah Catholic Secondary School,资助,黄大仙,九龍新蒲崗彩虹道5號。,https://www2.ngwahsec.edu.hk/,23838077,school@ngwahsec.edu.hk,免費 (資助/官立),DSE,學校致力培育「才智兼備、品格完美」的青年。本著基督的價值觀及中華文化的瑰麗精髓，為青年提供均衡教育，以提升道德情操、才藝學養、靈性生命及物質生活的素質。（註：創校於 1965 年的津貼男校，於 2022/2023 學年起轉為男女校。）
將軍澳香島中學,Heung To Secondary School (Tseung Kwan O),直资,西贡区,新界將軍澳勤學里4號。,https://www.tko.heungto.net,26233039,schoolmail@htss.edu.hk,免費 (資助/官立),DSE,建立一所教學嚴謹、校風淳樸的高效能學校。致力為學生提供多元化的學習環境，使學生在德、智、體、群、美各方面均衡發展，成為愛國愛港、品學兼優的青年。
新會商會陳白沙紀念中學,San Wui Commercial Society Chan Pak Sha School,资助,南区,香港黃竹坑深灣道1號。,https://cpss.edu.hk/,25535324,school@cpss.edu.hk,免費 (資助/官立),DSE,強調學校是家庭教育的延續，希望學生在校有家的感覺。重視兩文三語及五育的均衡發展，提供多元化科目及活動，令學生發掘興趣，發揮潛能，建立自信。
保良局唐乃勤初中書院,PLK Tong Nai Kan Junior Secondary College,资助,深水埗,九龍深水埗美荔道11號。,https://www.plktnkjsc.edu.hk,21945707,plktnkjsc@plktnkjsc.edu.hk,免費 (資助/官立),DSE,學校秉承保良局辦學方針，五育並重。學校着重語文及思維訓練、學生積極學習、追求卓越。學生亦懂得愛人愛己，守規自律，成為良好公民，回饋社會。
樂善堂梁植偉紀念中學,Lok Sin Tong Leung Chik Wai Memorial School,资助,葵青区,新界青衣長康邨。,http://www.lstlcw.edu.hk,24955890,lstlcw60@yahoo.com.hk,免費 (資助/官立),DSE,「視人子猶如我子，盡心盡意盡力；感師恩等若親恩，春日春雨春風」。提倡全人教育，重視五育均衡；期望學生尊師重道，奮發自勵，建立自信，服務社群。
德信中學,Tak Sun Secondary School,直资,沙田区,沙田馬鞍山寧泰路27號。,https://www.tsss.edu.hk,23174339,info@tsss.edu.hk,免費 (資助/官立),DSE,秉承天主教理念，著重學生的均衡發展，品格與學術培育並重，以全人教育為目標。
東莞工商總會劉百樂中學,GCCITKD Lau Pak Lok Secondary School,资助,沙田区,新界沙田大圍積泰里1號。,http://lplss.edu.hk,26951158,info@lplss.edu.hk,免費 (資助/官立),DSE,啟發學生的優點及潛能，灌輸正確的公民意識及克己盡責的意義，養成積極進取、努力學習的精神，使學生在行為、體能及心智均得到發展，對社會有所貢獻。
東華三院馮黃鳳亭中學,TWGHs Mrs Fung Wong Fung Ting College,资助,沙田区,新界沙田瀝源邨瀝源街3-5號。,https://www.twghfwfts.edu.hk,26913738,fwftinfo@yahoo.com.hk,免費 (資助/官立),DSE,學校致力為社會提供優質的教育服務，推行「全人教育」，為學生提供優良的學習環境，使能發揮潛能，成為具備知識技能、有正確價值觀、積極人生觀、獨立自主、勇於承擔責任和關注社會事務的良好公民，拓展豐盛人生。
林大輝中學,Lam Tai Fai College,直资,沙田区,新界沙田銀城街25號。,https://www.ltfc.edu.hk,27861990,info@ltfc.edu.hk,免費 (資助/官立),DSE,學校重視全人發展，培育具優秀學術成就及品格的學生；對體育、時裝設計或資訊科技表現突出的學生，提供一個發揮所長的學習環境，讓他們發展才華和潛能，並強調品格培養，健康生活模式及全人發展。
梁文燕紀念中學(沙田),Helen Liang Memorial Secondary School (Shatin),官立,沙田区,新界沙田大圍顯田街2號。,https://www.hlmssst.edu.hk,26941414,email@mail.hlmssst.edu.hk,免費 (資助/官立),DSE,學校致力於提供一個優良的學習環境，誘發學生的學習興趣，並向德、智、體、群、美五育方面均衡發展。
樂善堂楊葛小琳中學,Lok Sin Tong Young Ko Hsiao Lin Secondary School,资助,沙田区,新界沙田隆亨邨。,http://www.lstyoungkhl.edu.hk,26056632,lstykhl@lstyoungkhl.edu.hk,免費 (資助/官立),DSE,學生為本，培育學生：學會學習、不斷創新；中英兼擅、科技精通；獨立思考、知行合一。堅毅自信、力求上進；仁愛待人、勤誠厚重；勇於承擔、服務社群。
青年會書院,Chinese YMCA College,资助,沙田区,新界沙田馬鞍山恆安邨。,http://www.cymcac.edu.hk,26419588,college@ymca.org.hk,免費 (資助/官立),DSE,學校本著基督精神辦學，培育學生在德、智、體、群、美和靈育的發展，實踐「非以役人，乃役於人」的教訓，建設社會。
迦密聖道中學,Carmel Holy Word Secondary School,资助,大埔区,新界大埔太和路10號。,http://www.chw.edu.hk,26539786,mail@chw.edu.hk,免費 (資助/官立),DSE,按聖經真理提供全人教育，讓學生在德、智、體、群、美和靈育上，得到優質栽培，個人潛能得以啟發。
張煊昌中學,CUHKFAA Thomas Cheung Secondary School,资助,元朗区,新界天水圍天瑞邨。,https://www.tcss.edu.hk,24483111,info@tcss.edu.hk,免費 (資助/官立),DSE,秉承中大「博文約禮」辦學精神，培養學生勤奮力學，敦品勵行；均衡發展五育；勇於承擔責任；獨立思考；樂於服務社群；以及對國家民族的使命感。
彩虹邨天主教英文中學,Choi Hung Estate Catholic Secondary School,资助,黄大仙,九龍黃大仙紫葳路1號。,http://www.choihung.edu.hk,23203594,checssoffice@yahoo.com.hk,免費 (資助/官立),DSE,秉承天主教辦學宗旨，啟迪學生認識、體驗、實踐基督的精神，以達致全人教育。
世界龍岡學校劉皇發中學,LKWFSL Lau Wong Fat Secondary School,资助,油尖旺,九龍大角咀詩歌舞街66號。,http://www.lwfss.edu.hk,23944186,contact@lwfss.edu.hk,免費 (資助/官立),DSE,秉承世界各地龍岡宗親（劉、關、張、趙四姓）宏願，在香港興學育才，發揚文教，造福人群，有教無類。因應時代趨勢，作均衡有效的施教及德育陶冶。
靈糧堂怡文中學,Ling Liang Church E Wun Secondary School,资助,离岛区,大嶼山東涌文東路37號。,http://www.llcew.edu.hk,21094000,ewun@llcew.edu.hk,免費 (資助/官立),DSE,按照聖經真理提供優質全人教育；藉著傳揚耶穌基督的福音，使學生活出基督的樣式，服侍上帝及社群；並與一條龍小學攜手為整個基礎教育作出全盤策劃，提供富連貫性和全面的學習經歷。
新界西貢坑口區鄭植之中學,"Cheng Chek Chee Secondary School Of Sai Kung and Hang Hau District, N.T.",资助,西贡区,新界西貢竹角竹角路8號。,http://www.cccss.edu.hk,27198598,enquiry@cccss.edu.hk,免費 (資助/官立),DSE,學校著重發展全人教育，並培育學生積極面對知識型社會的挑戰。
何東中學,Hotung Secondary School,官立,湾仔区,香港銅鑼灣嘉寧徑1號。,https://www.hotungss.edu.hk,25775433,hotungss@hotungss.edu.hk,免費 (資助/官立),DSE,學校致力營造一個設備完善及關愛的環境、並提供切合現今瞬息萬變世界的均衡教育，培育學生養成自強不息、學而不倦的精神。
皇仁舊生會中學,Queen's College Old Boys' Association Secondary School,资助,葵青区,新界青衣島長安邨第一期。,http://www.qcobass.edu.hk,24975688,info@qcobass.edu.hk,免費 (資助/官立),DSE,實施全人教育，培養學生獨立思考、分析及表達能力，協助他們建立正確及恢宏的道德觀、歷史觀和世界觀；提供優良的學習環境及全面而均衡的課程，訓練學生如何學習，讓他們愉快地學習，發展潛能，建立自信。
伊斯蘭脫維善紀念中學,Islamic Kasim Tuet Memorial College,资助,东区,香港柴灣翠灣街22號。,http://www.iktmc.edu.hk,25709066,iktmc@learn.iktmc.edu.hk,免費 (資助/官立),DSE,透過嚴謹的管教，深切的個別關懷，培養學生對生命抱積極態度，對自己有進取要求；能自重、自愛、自信，及尊重別人。讓學生有機會發揮個人潛能。
五邑司徒浩中學,FDBWA Szeto Ho Secondary School,资助,观塘区,九龍藍田啟田道7號。,http://www.szetoho.edu.hk,23405916,office@szetoho.edu.hk,免費 (資助/官立),DSE,學校本「完人教育」為鵠的，以有教無類的精神，致力培育學生德、智、體、群、美五育均衡發展。
大埔三育中學,Tai Po Sam Yuk Secondary School,直资,大埔区,新界大埔大埔頭徑2號。,http://www.tpsy.edu.hk,26653459,enquiry@tpsy.edu.hk,免費 (資助/官立),DSE/國際課程,竭力提供優質的基督化教育，致力協助學生培育基督的品格。確保學生在靈、智、體三方面得到均衡的發展，讓他們發揮潛能、造福人群，豐富人生意義。
中華基督教會基道中學,CCC Kei To Secondary School,资助,九龙城,九龍土瓜灣崇安街28號。,http://www.ccckeito.edu.hk,26271028,enquiry@ccckeito.edu.hk,免費 (資助/官立),DSE,本著中華基督教會「透過教育，傳道服務」的精神，並以基督教訓及有教無類的原則培育學生靈、德、智、體、群、美六育的均衡發展。
嶺南衡怡紀念中學,Lingnan Hang Yee Memorial Secondary School,资助,东区,香港柴灣小西灣道31號。,http://www.lhymss.edu.hk,25764852,info@lhymss.net,免費 (資助/官立),DSE,秉承嶺南傳統辦學精神，提供優質全人教育，並以校訓「弘基格致、服務社群」勉勵學生拓展豐盛和有意義的人生。
中華基督教會基智中學,CCC Kei Chi Secondary School,资助,观塘区,九龍觀塘瑞寧街20號。,https://www.keichi.edu.hk,23422954,office@keichi.edu.hk,免費 (資助/官立),DSE,學校願以基督愛心為動力，以人為本的信念，積極進取的態度；提供優質教育，啟發學生潛能，分享整全福音；培育學生成為良好公民，回饋社會，貢獻國家。
地利亞修女紀念學校(百老匯),Delia Memorial School (Broadway),直资,深水埗,九龍美孚百老匯街80-86號。,http://www.deliabw.edu.hk,27422028,enquiry@deliabw.edu.hk,免費 (資助/官立),DSE,秉承「有教無類，因材施教」精神，致力實現「大家庭」願景，不論種族、信仰和貧富，積極針對學生在知識、技能與態度學習需要，培育開放及尊重的態度理解不同地域的人與文化，克盡己責、道德與平等觀念創造和諧社會。
神召會康樂中學,Assembly Of God Hebron Secondary School,资助,大埔区,新界大埔寶雅苑。,https://www.hebron.edu.hk,26520698,aoghsspchk@yahoo.com.hk,免費 (資助/官立),DSE,學校以基督教全人教育為宗旨，提供完善環境，培養同學良好品格、知識和技能。學校鼓勵同學以愛心服務有需要的人，透過不同服務，發展自我潛能，學會助人自助。
莫慶堯中學,SKH St. Mary's Church Mok Hing Yiu College,资助,深水埗,九龍深水埗海麗街1號。,http://smcc.edu.hk,25775347,info@smcc.edu.hk,免費 (資助/官立),DSE,學校以見證主愛，實踐基督服務精神為辦學宗旨。推行全人教育，知識與品格並重，注重培養學生自學、思考、探索、創新和應變的終身學習能力。
佛教黃鳳翎中學,Buddhist Wong Fung Ling College,资助,湾仔区,香港掃桿埔東院道11號。,https://www.bwflc.edu.hk,25779485,bwc-mail@bwflc.edu.hk,免費 (資助/官立),DSE,學校為佛教團體所辦，以佛陀精神為辦學宗旨，秉承校訓「明智顯悲」，提供優質教育，致力培育學生終身學習，全人發展。
東華三院李潤田紀念中學,TWGHs Lee Ching Dea Memorial College,资助,湾仔区,香港北角雲景道18號。,http://www.lcdmc.edu.hk,25715422,lcdmc@lcdmc.edu.hk,免費 (資助/官立),DSE,秉承東華三院一貫的辦學精神，著重全人教育，提供優良的學習環境，發揮個人潛能，成為具備知識技能、獨立思考、勇於承擔與關注社會的良好公民。
嶺南中學,Lingnan Secondary School,资助,东区,香港杏花邨盛康里6號。,http://www.lingnan.edu.hk,28916966,info@lingnan.edu.hk,免費 (資助/官立),DSE,本「基督精神」，秉承嶺南辦學傳統，使學生透過豐富的學校生活，發揮「紅灰精神」，貫徹「為神、為國、為嶺南」的使命。
九龍塘學校,Kowloon Tong School (Secondary Section),资助,九龙城,九龍九龍塘舒梨道10號。,http://www.ktsss.edu.hk,23370680,hostmaster@ktsss.edu.hk,免費 (資助/官立),DSE,學校致力提供均衡教育，幫助學生建立正確人生觀，實踐「樂善勇敢」精神，使學生充分發展多元智能，提高他們對社會、祖國的責任感及歸屬感。
余振強紀念中學,Yu Chun Keung Memorial College,资助,九龙城,九龍何文田文福道27號。,http://www.yckmc.edu.hk,27144161,info@yckmc.edu.hk,免費 (資助/官立),DSE,本著「愛主樂群」精神為學生提供全人教育。以因材施教為宗旨，發掘學生的潛能，培養學生對教會、學校、社會及國家民族的責任心，使學生成為一個愛主愛人、服務人群的好青年。
創知中學,Scientia Secondary School,直资,九龙城,九龍何文田公主道14號。,http://www.scientia.edu.hk/,27144115,info@scientia.edu.hk,免費 (資助/官立),DSE,提供全人教育，著重於培養青少年學生在德育、智育、體育多方面發展，讓學生具有愛國愛港觀念，使能成為社會未來棟樑。（註：原校名「勞工子弟中學」，於 2018 年易名。)
玫瑰崗中學已改名：道爾頓學校,Rosaryhill Secondary School,资助,湾仔区,香港司徒拔道41號B。,http://www.rhs.edu.hk,25720228,info@rhs.edu.hk,免費 (資助/官立),DSE,著重全人的教育，培養學生的責任感，使成為對社會有用的公民及虔誠的基督徒。
李求恩紀念中學,Lee Kau Yan Memorial School,资助,黄大仙,九龍新蒲崗太子道東596號。,http://www.lkyms.edu.hk,23834815,general@lkyms.edu.hk,免費 (資助/官立),DSE,培育學生成為具自信、肯承擔、中英兼擅、懂科技、能獨立思考與學習，且能高瞻遠矚的年青人。
聖貞德中學,St. Joan Of Arc Secondary School,资助,东区,香港北角寶馬山道55號。,http://www.sja.edu.hk,25785984,info@sja.edu.hk,免費 (資助/官立),DSE,以「實踐福音精神，建立關愛文化，達致全人教育」為宗旨，學生培育和校本管理為重心，秉承天主教教育目標，讓學生在德、智、體、群、美、靈均衡發展。
蘇浙公學,Kiangsu-Chekiang College,直资,东区,香港寶馬山道20號。,https://www.kccnp.info,25702261，9874953（注册处刘老师）,kcc@kccnp.hk,免費 (資助/官立),DSE,以中國固有文化的精髓作培育學生品德的指標，體現「整齊嚴肅」的做事、做人生活態度；並在中英並重、文理並重及升學與就業並重的原則下提供均衡教育。
香港文理書院,Cognitio College (Hong Kong),资助,东区,香港柴灣萃文道4號。,http://www.cognitiohk.edu.hk,25567413,cognitiohk@cognitiohk.edu.hk,免費 (資助/官立),DSE,學校致力為學生提供全人教育，德、智、體、群、美並重，發展學生潛能，培養他們服務國家和社會的承擔精神。
聖安當女書院,St. Antonius Girls' College,资助,观塘区,九龍油塘高超道1號。,https://www.sagc.edu.hk,23481379,school@sagc.edu.hk,免費 (資助/官立),DSE,致力秉承基督精神，群策群力，有教無類去培育青少年，使其具強健體魄、廣博知識及完整品格，做個孝親敬師、愛港報國及關懷世界的好公民。
德蘭中學,St. Teresa Secondary School,资助,九龙城,九龍何文田常盛街21號。,https://www.stteresa.edu.hk,27115202,stss@stteresa.edu.hk,免費 (資助/官立),DSE,實踐天主教全人教育的辦學理想，以五育及靈育為本，雙語並重，訓練學生獨立思考，建立積極及正確的人生觀，貢獻社會，勉力實踐「慎思明辨」的校訓。
圓玄學院第三中學,HKTA The Yuen Yuen Institute No.3 Secondary School,资助,西贡区,將軍澳唐明街2號尚德邨。,https://www.hktayy3.edu.hk,21783223,yy3mail@hktayy3.edu.hk,免費 (資助/官立),DSE,以「道化教育」為宗，弘揚傳統道德文化，因材施教，五育並重：培養良好品德，增進全面知識技能，鍛鍊強健體魄，建立良好人際關係，提高審美能力。
香港布廠商會朱石麟中學,HKWMA Chu Shek Lun Secondary School,资助,观塘区,九龍九龍灣啟樂街11號。,http://www.hkwmacsl.edu.hk,27968323,general@hkwmacsl.edu.hk,免費 (資助/官立),DSE,全校秉承校訓「勇毅謙和」，推行以人為本的「科藝」教育，發展學生多元智能，協助同學掌握資訊科技及兩文三語的能力，為升學及就業奠下紮實的基礎。
新亞中學,New Asia Middle School,资助,九龙城,九龍土瓜灣農圃道6號。,http://www.nams.edu.hk,27112206,info@nams.edu.hk,免費 (資助/官立),DSE,承新亞書院的人文教育精神，發揚中國文化。培養學生品德與正確價值觀，建立對家庭，社會，國家及與世界的責任感。德智體群美五育均衡發展，啓發學生潛能，以達致全人教育。
樂善堂梁銶琚書院,Lok Sin Tong Leung Kau Kui College,资助,中西区,香港西營盤醫院道28號。,https://lstlkkc.edu.hk,28587002,office@lstlkkc.edu.hk,免費 (資助/官立),DSE,學校以愛心辦學，因材施教為職志，著重德智體群美五育，培養學生仁愛之質、勤誠之具。學校注重學風培養，希望同學互勉互勵，突破自我，達致理想成績。
禮賢會彭學高紀念中學,Rhenish Church Pang Hok Ko Memorial College,资助,九龙城,九龍九龍塘禧福道30號。,https://www.rcphkmc.edu.hk/,23370283,school@rcphkmc.edu.hk,免費 (資助/官立),DSE,本著基督教教育理想，為學生提供優質的全人教育，使學生得以均衡發展，成為品學兼優的人，造福社會人群，並在基督教的學習環境和老師的關懷下，認識耶穌的教訓，明白上帝的愛，接受福音。
迦密唐賓南紀念中學,Carmel Bunnan Tong Memorial Secondary School,资助,屯门区,新界屯門湖景邨。,http://www.cbt.edu.hk,24651585,mail@cbt.edu.hk,免費 (資助/官立),DSE,秉承基督教興學會全人教育理念，讓學生在德、智、體、群、美、靈各方面有均衡的培育，以致個人潛質得以發揮，明白真道，建立優良品格，樹立律己精神，使其長大後具備良好公民品格、知識及技能，服務社會，榮神益人。
葵涌裘錦秋中學,Ju Ching Chu Secondary School (Kwai Chung),资助,葵青区,新界葵涌安捷街1-11號。,http://www.jccsskc.edu.hk,24285858,mailbox@jccsskc.edu.hk,免費 (資助/官立),DSE,以「自強不息」為校訓，以「作育英才」為宗旨，兼顧「德智體群美」五育，鼓勵學生積極學習、探求真理、明辨是非、發展潛能，成為貢獻社會國家的人才。
聖公會聖三一堂中學,SKH Holy Trinity Church Secondary School,资助,九龙城,九龍愛民邨孝民街2號。,https://www.skhhtcss.edu.hk,27144137,office@skhhtcss.edu.hk,免費 (資助/官立),DSE,藉著基督化的教育，教導學生建立正確的人生觀，使學生能自立自愛，愛主愛人。幫助學生自我增值，終身學習；同時培養自律精神，建立嚴謹純樸的校風。
香海正覺蓮社佛教梁植偉中學,HHCKLA Buddhist Leung Chik Wai College,资助,屯门区,新界屯門湖景邨湖暉街7號。,https://www.blcwc.edu.hk,24676672,school@blcwc.edu.hk,免費 (資助/官立),DSE,德智並重，提供全人教育。藉著佛化教育培養學生正知正見，要求學生勵志學行，建立積極進取的人生觀和樂善好施的精神。本著「慈悲關愛」精神，將學校建造成一所富佛教特色，嚴而有愛的關愛校園。
潔心林炳炎中學,Kit Sam Lam Bing Yim Secondary School,资助,黄大仙,九龍橫頭磡富美街9號。,https://www.kitsam.edu.hk,23379594,school@kitsam.edu.hk,免費 (資助/官立),DSE,營造富有福音精神的自由與仁愛的氣氛，讓學生認識天主教信仰、培育學生均衡發展，讓學生發揮潛能、主動學習，增長智慧，建立正確的價值觀及人生觀。
鳳溪第一中學,Fung Kai No.1 Secondary School,资助,北区,新界上水馬會道17號。,https://www.fk1ss.edu.hk,26700366,fk1ss@fk1ss.edu.hk,免費 (資助/官立),DSE,學校以「謙、信、勤、敏」為訓，實施德、智、體、群、美全人教育，鍛鍊學生獨立思考能力，並協助他們建立正確及積極人生觀，為學生提供優良之學習環境及全面均衡之課程，讓他們愉快學習，發展潛能，日後回饋社會。
中華基督教會何福堂書院,CCC Hoh Fuk Tong College,资助,屯门区,新界屯門新墟青山公路28號。,https://www.hftc.edu.hk,24596354,hft-mail@hftc.edu.hk,免費 (資助/官立),DSE,學校本著基督博愛精神辦學，奉行「全人教育」哲學，致力培養學生在德、智、體、群、美及靈育上全面之發展，使之成為良好的公民，貢獻社會。
中華基督教會基新中學,CCC Kei San Secondary School,资助,北区,新界粉嶺蝴蝶山路8號。,http://www.ks.edu.hk,26693906,mail@ks.edu.hk,免費 (資助/官立),DSE,以發揚基督的愛和服務社群為辦學宗旨。學校推行「人本教育」，發掘學生潛能和向上意志，並建立學生健康的人生態度，正確的價值觀及正面的社會意識。
中華基督教會扶輪中學,CCC Rotary Secondary School,资助,黄大仙,九龍黃大仙龍翔道157號。,http://www2.rotary.edu.hk/,23381971,info@rotary.edu.hk,免費 (資助/官立),DSE,實施基督化全人教育，為社會培育良好公民。鼓勵青少年追求靈性與德、智、體、群、美五育並進，培養學生正確的人生觀、價值觀及積極的做人處世態度。
仁愛堂陳黃淑芳紀念中學,Yan Oi Tong Chan Wong Suk Fong Memorial Secondary School,资助,屯门区,新界屯門旺賢街2號。,https://yotcwsf.edu.hk,24666802,mail@yotcwsf.edu.hk,免費 (資助/官立),DSE,「全人發展，力臻至善」－學校首重對學生品德的教育，推動關愛文化，著重學生的全方位學習，培養終生自學的能力。
仁濟醫院林百欣中學,Yan Chai Hospital Lim Por Yen Secondary School,资助,荃湾区,荃灣荃景圍145-165號。,https://www.ychlpyss.edu.hk,24937258,info@ychlpyss.edu.hk,免費 (資助/官立),DSE,貫徹「尊仁濟世」精神，提供優質全人教育，培育學生成為國家棟樑。讓學生能積極學習，自律守規，盡責明分，明辨是非，尊重別人。
仁濟醫院第二中學,Yan Chai Hospital No.2 Secondary School,资助,屯门区,新界屯門楊青路28號。,http://www.ych2ss.edu.hk,24673736,school@ych2ss.edu.hk,免費 (資助/官立),DSE,開拓學習領域，推動優質教育，提升學業水平及兩文三語能力。推行一生一體藝，培育多元智能，鼓勵學子參與社群服務，拓展視野，終身學習，追求卓越。
佛教葉紀南紀念中學,Buddhist Yip Kei Nam Memorial College,资助,葵青区,新界青衣長青邨。,https://www.byknmc.edu.hk,24953363,ykn-mail@byknmc.edu.hk,免費 (資助/官立),DSE,本著佛化教育的精神，配合時代進展的需要，向學生提供良好的學習環境及均衡教育的機會。
保良局姚連生中學,PLK Yao Ling Sun College,资助,荃湾区,新界荃灣石圍角邨。,http://www.plkylsc.edu.hk,24983331,info@plkylsc.edu.hk,免費 (資助/官立),DSE,學校秉承保良局辦學方針，五育並重，促進學生全人發展，為社會育才立人。透過提供多元化的學習經歷，提升學生的學習成效；讓每位學生發揮個人潛能，各展所長。
天主教慈幼會伍少梅中學,Salesians Of Don Bosco Ng Siu Mui Secondary School,资助,葵青区,新界葵涌葵合街30號。,https://www.sdbnsm.edu.hk,24258223,ngsiumui@sdbnsm.edu.hk,免費 (資助/官立),DSE,以宗教、仁愛、理智、及基督福音作為最高指引，培育全人均衡發展。培育積極人生，在成長過程中產生美麗的成果，透過不同的活動誘發他們自我完善的動力，以及培育他們擁有關心自己，關懷別人，愛護學校和社會的心。
明愛粉嶺陳震夏中學,Caritas Fanling Chan Chun Ha Secondary School,资助,北区,新界粉嶺新運路28號。,https://www.cfs.edu.hk,26699966,cfs@cfs.edu.hk,免費 (資助/官立),DSE,以學生為本，為不同學習性向及能力的學生提供發展潛能機會，肯定並鼓勵全人教育及均衡發展，引導學生認識並建立天主教價值觀，體驗及發揚明愛精神，使學生積極面對人生，成為勇於承擔的良好公民。
長洲官立中學,Cheung Chau Government Secondary School,官立,离岛区,長洲學校路5B。,https://www.ccgss.edu.hk,29810514,ccg@ccgss.edu.hk,免費 (資助/官立),DSE,學校秉承「博文約禮」的精神，提供一個愉快、民主、自由的學習環境，使學生能健康、快樂地成長；建構知識、發展技能和培養他們積極人生觀及盡展所長；成為有文化學術修養、敦品礪行、明辨是非、以禮待人的良好公民。
東華三院邱子田紀念中學,TWGHs Yau Tze Tin Memorial College,资助,屯门区,新界屯門兆康苑。,https://www.ytt.edu.hk,24652205,mailbox@ytt.edu.hk,免費 (資助/官立),DSE,貫徹東華三院一貫的辦學精神，推行「全人教育」，培育學生正確的價值觀，以「勤、儉、忠、信」為進德修業的依歸，使學生日後成為具備知識技能、有獨立思考能力、勇於承擔責任和關注社會事務的良好公民。
中華基督教會方潤華中學,CCC Fong Yun Wah Secondary School,资助,元朗区,新界天水圍天業路6號。,https://www.fywss.edu.hk,24455833,info@fywss.edu.hk,免費 (資助/官立),DSE,學校為中華基督教會香港區會直屬學校，秉承區會以結合傳道服務精神為宗旨，使學生在學校悉心培育下，身、心、靈三方面能得到均衡發展。
樂善堂余近卿中學,Lok Sin Tong Yu Kan Hing Secondary School,资助,黄大仙,九龍橫頭磡富裕街3號。,http://www.ykh.edu.hk,23362657,info@ykh.edu.hk,免費 (資助/官立),DSE,學校以學生為本，培養良好品德，建立純樸的校風，並因應學能力和興趣，提供適切的課程，使五育均衡發展。學校期望學生享受自律而愉快的學習生活，發揚「仁、愛、勤、誠」的校訓精神，具備優良品德和終身學習能力。
天主教新民書院,Newman Catholic College,资助,油尖旺,九龍油麻地石壁道2號。,https://www.newman.edu.hk,23857812,nc@newman.edu.hk,免費 (資助/官立),DSE,學校秉承天主教的辦學理想，以培育完整人格為目的。除傳授學科知識外，著重培育學生品格；使成為具有修養和對社會、家國與民族有承擔感的人。
五育中學,Ng Yuk Secondary School,资助,沙田区,新界沙田新翠邨。,https://www.nyss.edu.hk,26921870,email@nyss.edu.hk,免費 (資助/官立),DSE,五育人，懷自信，互關愛，敢承擔。學校以「立己達人」為校訓，辦學宗旨如下：重視德、智、體、群、美五育全面發展；協助學生建立正面的自我形象及發揮潛能，積極求進。
余振強紀念第二中學,Yu Chun Keung Memorial College No.2,资助,南区,香港薄扶林置富徑1號。,https://www.yck2.edu.hk,25518285,office@yck2.edu.hk,免費 (資助/官立),DSE,秉承天主教學校辦學宗旨，在愛與關懷的環境中，學校重視每一位同學的價值及獨特之處，致力培養學生成為具責任感、充滿自信、能欣賞自我成就的年青人。
明愛胡振中中學,Caritas Wu Cheng-Chung Secondary School,资助,南区,香港薄扶林羅富國徑8號。,http://www.cwcc.edu.hk,28172318,cwcc@cwcc.edu.hk,免費 (資助/官立),DSE,以學生為主體，配合大學、專業及專上教育或就業的需要。為不同學習性向及能力的學生提供全人教育，發展多元才能。建立天主教價值觀，發揚明愛「愛德服務」之精神。
明愛莊月明中學,Caritas Chong Yuet Ming Secondary School,资助,南区,香港薄扶林華富邨華富道53號。,http://www.ccym.edu.hk,25510200,cym@ccym.edu.hk,免費 (資助/官立),DSE,以學生為本，為學生的健康成長提供德、智、體、群、美、靈的均衡培育，增強自信和抗逆力，並發展其潛能。致力引領學生認識天主教的價值觀，培養學生對社會的責任感及對國家的歸屬感。
佛教黃允畋中學,Buddhist Wong Wan Tin College,资助,沙田区,新界沙田美林邨。,http://bwwtc.edu.hk,26058369,info@bwwtc.edu.hk,免費 (資助/官立),DSE,香港佛教聯合會主辦的中學，秉承校訓“明智顯悲“的精神，培養學生正確的人生觀，德智體群美五育均衡發展，務使其能學以致用，貢獻社會，服務人群。
中華聖潔會靈風中學,China Holiness Church Living Spirit College,资助,大埔区,新界大埔棟樑里1號。,https://www.lsc.edu.hk,29589694,chclsc@hotmail.com,免費 (資助/官立),DSE,本著聖經真理和基督仁愛，肯定學生的尊嚴和價值，誘發潛能，建立自信、優良品德、正確價值觀及積極人生態度，激發求知、自學、創作、思考及情意發展。
聖公會諸聖中學,SKH All Saints' Middle School,按位津贴,油尖旺,九龍白布街11號。,https://www.skhasms.edu.hk,27800147,info@skhasms.edu.hk,免費 (資助/官立),DSE,本著基督精神，以「以主為基，立己立人」為校訓，培育學生德、智、體、群、美、靈六育均衡發展，因材施教，達到「優質教育，服務社群」的宗旨。
佛教大光慈航中學,Buddhist Tai Kwong Chi Hong College,资助,大埔区,新界大埔翠怡街4號。,http://www.btkchc.edu.hk,26640833,btc@btkchc.edu.hk,免費 (資助/官立),DSE,學校以「明智顯悲」為校訓，「德、智、體、群、美、靈」六育齊施，致力培育學生全人發展；並本著佛陀慈悲的精神，致力提升學生成績的同時，亦推行佛化教育，培養良好品德，建立正確的人生觀，孕育社會棟樑。
胡漢輝中學,TIACC Woo Hon Fai Secondary School,资助,荃湾区,新界荃灣安賢街7號。,http://www.tiaccwhf.edu.hk,24908773,whfinfo@tiaccwhf.edu.hk,免費 (資助/官立),DSE,學校致力為荃灣區青少年提供多元化及優質的教育，以資貢獻社會。並極重視教師的專業發展與家長聯繫，以提供高質素的學校教育。
靈糧堂劉梅軒中學,Ling Liang Church M H Lau Secondary School,资助,大埔区,新界大埔雍宜路3號。,http://www.llcmhlau.edu.hk,26531234,school@llcmhlau.edu.hk,免費 (資助/官立),DSE,以聖經真理為基礎，幫助學生在愉快、健康及關懷的學習環境中成長，使他們在靈、德、智、體、群、美六育方面得到完整的發展。
佛教何南金中學,Buddhist Ho Nam Kam College,资助,观塘区,九龍油塘高超道3號。,http://www.bhnkc.edu.hk,23400871,enquiry@bhnkc.edu.hk,免費 (資助/官立),DSE,深信學生有可塑性，可透過教育，提高學生質素、發展潛能；全校教職員同心合力，教導學生成才；校方營造有利環境，供老師作專業發揮。
保良局朱敬文中學,PLK C W Chu College,资助,沙田区,新界沙田大圍隆亨邨。,http://home.plkcwc.edu.hk,26991031,master@plkcwc.edu.hk,免費 (資助/官立),DSE,注重學生的語文能力和多元智能發展訓練；並引入資訊科技教學及專題研習，增強教學效果。學校與家長聯繫密切，促進溝通，使教育子女時能事半功倍。
聖公會聖本德中學,SKH St. Benedict's School,资助,黄大仙,九龍彩虹邨藍鐘道11號。,https://www.skhsbs.edu.hk,23200011,info@skhsbs.edu.hk,免費 (資助/官立),DSE,本著基督精神辦學，為青少年提供全人教育，使其能在基督的愛中學習與成長，建立其人格，陶冶其心靈，使其能自尊自重、自立自信，並成為社會的棟樑。
聖公會聖西門呂明才中學,SKH St. Simon's Lui Ming Choi Secondary School,资助,屯门区,新界屯門鄉事會路85號。,https://www.skhsslmc.edu.hk,24598236,lmc@skhsslmc.edu.hk,免費 (資助/官立),DSE,提供愉快學習環境，透過多元教學，培育青少年於德智體群美靈六育均衡發展，掌握自學能力，發揮個人潛質，成為愛己愛人、愛護環境、服務社群的好公民。
中聖書院,China Holiness College,直资,深水埗,九龍深水埗懷惠道18號。,https://www.chc.edu.hk,23864734,enquire@chc.edu.hk,免費 (資助/官立),DSE,本著聖經的真理，幫助學生成長，建立良好品格及增進知識。引導學生認識基督教，透過老師的關懷及見證，使學生體會基督的愛。培養學生獨立思考能力，充份發揮學生潛質。培養學生道德操守、公民責任及國家意識。
伯特利中學,Bethel High School,资助,元朗区,新界元朗錦繡花園F段四街11號。,https://www.bethel.edu.hk,24712622,bhsmail@bethel.edu.hk,免費 (資助/官立),DSE,提供以聖經為基礎的全人教育，培養學生在靈、德、智、體、群、美、樂七育的均衡發展，使學生認識真理，建立健全人格，發揮潛能，立足社會，貢獻社群。
麗澤中學,Lai Chack Middle School,资助,油尖旺,九龍尖沙咀廣東道180號。,https://www.laichack.edu.hk,27213086,info@lcms.edu.hk,免費 (資助/官立),DSE,本著基督精神，培養學生建立良好的品格，以「自強不息」為校訓，鼓勵學生自律和自學，擴闊知識領域、啟發潛能和均衡發展，成為良好公民。
地利亞修女紀念學校(協和),Delia Memorial School (Hip Wo),直资,观塘区,九龍觀塘協和街221號。,https://www.deliahw.edu.hk,23423198,hw@deliagroup.edu.hk,免費 (資助/官立),DSE,多元文化共融：人人真誠互相欣賞。五育均衡發展：從能力、知識、態度及價值觀，培養學生終身受用的素質。創造成功機會：堅信人人都有成功的潛質。
台山商會中學,Toi Shan Association College,资助,沙田区,新界沙田圓洲角路10號。,https://www.tsac.edu.hk,26487871,mail@tsac.edu.hk,免費 (資助/官立),DSE,相信每個學生都能成功，他們需要一個舞台去探索自己，肯定自己。學校致力建構啟發性的學習環境，讓同學懂得管理自己，懂得思考，和建立正確的價值觀。
德貞女子中學,Tack Ching Girls' Secondary School,资助,深水埗,九龍深水埗興華街西9號。,http://www.tackching.edu.hk,27293211,tcgss@tackching.edu.hk,免費 (資助/官立),DSE,學校遵循天主教辦學宗旨，培養學生明禮義、知廉恥、力學不懈的精神，使校內充滿和平友愛、誠實公正、互信互諒的氣氛。
陳樹渠紀念中學,Chan Shu Kui Memorial School,直资,深水埗,九龍深水埗青山道101號。,http://www.cskms.edu.hk,23800241,csk@cskms.edu.hk,免費 (資助/官立),DSE,以「提供優質教育，照顧全人發展」為目標，著重通才及高質素教育，培養學生自律、自治、自學、獨立思考、創新及領導能力，並以貢獻社會，服務人群為己任。
元朗天主教中學,Yuen Long Catholic Secondary School,资助,元朗区,新界元朗青山公路201號水邊圍邨。,https://www.ylcss.edu.hk,24431363,info@ylcss.edu.hk,免費 (資助/官立),DSE,本著基督的愛及全人教育理念，師生同行齊建關愛文化；積極培育學生多元智能發展、終身學習的態度及基督徒的價值觀。
聖芳濟各書院,St. Francis Of Assisi's College,资助,北区,新界粉嶺欣盛里1號。,https://www.sfac.edu.hk,26779702,principal@sfac.edu.hk,免費 (資助/官立),DSE,本著「全人教育」的信念，致力培育學生之自律及自學精神，教導學生熱愛家庭，關心社會，服務人群，以發揚中國文化。
慕光英文書院,Mu Kuang English School,直资,观塘区,九龍觀塘功樂道55號。,http://www.mukuang.edu.hk,23412932,mail@mukuang.edu.hk,免費 (資助/官立),DSE,學校致力為學生提供和諧、關愛的校園，並本著因材施教，實施全人均衡教育。讓學生達至堅毅學習，與時並進，貫徹『明理愛光』之校訓，成為良好公民。
瑪利諾中學,Maryknoll Secondary School,资助,观塘区,九龍牛頭角彩霞道45號。,https://www.maryknoll.edu.hk/,27583102,admin@maryknoll.edu.hk,免費 (資助/官立),DSE,以公教教育為本，發展學生潛質，培養學生思考能力、知識技能和良好品格，建立正確的價值觀和積極的人生觀，達至靈、德、智、體、群、美之均衡發展。（註：新校舍位於：九龍觀塘安秀道 27 號）
張振興伉儷書院,Chong Gene Hang College,资助,东区,香港柴灣祥民道12號。,http://www.cghc.edu.hk,25566081,info@cghc.edu.hk,免費 (資助/官立),DSE,學校的使命是向學生傳授人文和基督教育，幫助他們學會學習，並與人和睦相處，更培養他們成為正直不阿的善人。
聖公會李福慶中學,SKH Li Fook Hing Secondary School,资助,东区,香港柴灣翠灣街翠灣邨。,https://www.lfh.edu.hk,25605678,info@lfh.edu.hk,免費 (資助/官立),DSE,學校的教育信念源於相信每一個孩子被上帝創造時都已經擁有不能被取代的價值，學校致力栽培學生在德、智、體、群、美和靈育各方面有均衡的發展，成為社會棟樑。學校亦竭力協助學生培養良好的品德，提升個人素質。
可道中學,Ho Dao College (Sponsored By Sik Sik Yuen),资助,元朗区,新界元朗洪水橋洪順路11號。,https://www.hodao.edu.hk,24799885,mail@hodao.edu.hk,免費 (資助/官立),DSE,學校秉承嗇色園辦學宗旨，崇奉儒釋道三教經義，以普濟勸善為校訓，培養學生樂善好施、服務社會的精神；並著重學生德、智、體、群、美五育的均衡發展。
葵涌循道中學,Kwai Chung Methodist College,资助,葵青区,新界下葵涌麗瑤邨。,http://www.kcmc.edu.hk,27450010,office@kcmc.edu.hk,免費 (資助/官立),DSE,學校相信每個學生有不同的恩賜，願意幫助他們各展所長；學校老師願意在專業發展上求進步；並相信家庭教育的重要，透過家校合作幫助學生茁壯成長。
香港聖公會何明華會督中學,HKSKH Bishop Hall Secondary School,资助,观塘区,九龍秀茂坪曉光街82號。,http://www.bhss.edu.hk,23479224,bhss@go.bhss.edu.hk,免費 (資助/官立),DSE,秉承基督精神，幫助學生認識上帝。建立愉快學習環境，提供優質教育。貫徹全人教育理念，德智體群美靈六育兼備。課程與時並進，裝備學生回饋社會。
閩僑中學,Man Kiu College,资助,东区,香港北角雲景道81號。,https://www.mkc.edu.hk,25784523,info@mkc.edu.hk,免費 (資助/官立),DSE,學校以「孝悌忠信」為校訓，為學生提供德智體群美五育並重全人教育，培育學生健全人格，成為良好公民，熱愛家庭，為社會、國家和世界作出貢獻。
天水圍香島中學,Heung To Middle School (Tin Shui Wai),直资,元朗区,新界天水圍天暉路8號。,https://www.heungto.net,26500016,mail@heungto.net,免費 (資助/官立),DSE,致力成為卓越優質的學校；培養德、智、體全面發展，具香港心、中國視野的新一代。
屯門裘錦秋中學,Ju Ching Chu Secondary School (Tuen Mun),资助,屯门区,新界屯門楊青路28號。,http://www.jcctm.edu.hk,24611555,mail@jcctm.edu.hk,免費 (資助/官立),DSE,秉承校訓「自強不息」的精神，提供全人教育，因材施教，推動「啟發潛能教育」，重視建立「自愛、自律、自信、自學」精神，為祖國及香港社會培養人才。
仁濟醫院靚次伯紀念中學,Yan Chai Hospital Lan Chi Pat Memorial Secondary School,资助,西贡区,新界將軍澳毓雅里10號。,http://www.lcp.edu.hk,27029033,lcp-mail@lcp.mysch.net,免費 (資助/官立),DSE,營造優良學習環境，以提升學生學術水平，促進自學能力；培養良好品格及積極人生觀；發展創意思維及解難應變能力；培養學生服務社會，貢獻國家的精神。
高雷中學,Ko Lui Secondary School,资助,观塘区,九龍觀塘和康徑9號。,http://www.klss.edu.hk,23890213,office@klss.edu.hk,免費 (資助/官立),DSE,學校致力於創造一個愉快及完善的學習環境，秉承有教無類及因材施教的優良傳統，引導學生積極及主動地學習，並培養學生在德智體群美五育的均衡發展。
路德會西門英才中學,Gertrude Simon Lutheran College,资助,元朗区,新界元朗公園北路1號。,https://www.gslc.edu.hk/,24782424,schooladmin@mail.gslc.edu.hk,免費 (資助/官立),DSE,以基督化全人教育的課程，培育學生在靈、德、智、體、群、美六方面的均衡發展，並願學效基督，服事他人。
天主教鳴遠中學,Catholic Ming Yuen Secondary School,资助,西贡区,新界將軍澳厚德邨。,http://www.mingyuen.edu.hk,27027102,info@mingyuen.edu.hk,免費 (資助/官立),DSE,學校秉持基督的博愛精神，有教無類，因材施教。使學生通過認識自己及體驗現實的生活，從而達成做人的使命；並在德、智、體、群、美和靈育得到均衡發展。
獻主會聖母院書院,Notre Dame College,资助,九龙城,九龍馬頭圍盛德街51號。,http://www.ndc.edu.hk,27115291,ndc1967@ndc.edu.hk,免費 (資助/官立),DSE,以「忠、孝、勤」為校訓，傳授知識，傳揚福音，改善社會等為辦學目的。培養學生忠於天主兒女身分和生活中各職分，勤奮服務，尊敬父母，履行社會使命。
東華三院邱金元中學,TWGHs Yow Kam Yuen College,资助,沙田区,新界沙田第一城。,http://www.twyky.edu.hk,26497385,twykyc@yahoo.com.hk,免費 (資助/官立),DSE,學校秉承東華三院的辦學精神，提供優質教育，注重全人教育發展；並提供優良的環境，使學生發揮個人潛能。
聖公會聖匠中學,SKH Holy Carpenter Secondary School,资助,九龙城,九龍紅磡大環道10號。,https://www.hcs.edu.hk,23642730,mail@hcs.edu.hk,免費 (資助/官立),DSE,學校崇尚基督精神，著重六育以人為本的全人發展，積極提供寬闊及多元化的課程和學習機會，協助學生建立自信及正確的價值觀和良好品格，不斷自學、反思、探索、創新、應變與自我完善。
張沛松紀念中學,Weo Chang Pui Chung Memorial School,资助,西贡区,新界將軍澳運隆路3號。,http://www.cpc.edu.hk,27047002,cpcmail@cpc.edu.hk,免費 (資助/官立),DSE,提供優良及愉快的學習環境、完善的資訊科技設施，就學生的個別差異因材施教。培育學生高尚的品格，發展他們的潛能，為終身學習奠下良好的基礎。
萬鈞匯知中學,Man Kwan QualiEd College,直资,西贡区,新界將軍澳勤學里2號。,https://www.mkqc.edu.hk/,27066969,enquiry@qualiedcollege.edu.hk,免費 (資助/官立),DSE,人人可教，皆可成材。校訓：真、善、美。校風：自尊、自信、自律、自強。抱負：培育擁有豐富知識和創意，能夠立足於未來社會的時代精英。培育擁有高尚品格和品味，並且具備國際視野的香港新一代。
東華三院黃鳳翎中學,TWGHs Wong Fung Ling College,资助,沙田区,新界沙田馬鞍山馬鞍山路208號。,http://www.twghwflc.edu.hk,26416238,info@twghwflc.edu.hk,免費 (資助/官立),DSE,發展全人教育，幫助學生建立健全人格及正確價值觀，實踐校訓「勤儉忠信」的精神，服務社會。（註：學校已獲分配位於將軍澳第86區擬建之中學校舍。）
潮州會館中學,Chiu Chow Association Secondary School,资助,沙田区,新界沙田馬鞍山恆安邨。,https://www.ccass.edu.hk,26428383,school@ccass.edu.hk,免費 (資助/官立),DSE,學校相信每一學生，都有成功的潛能，都有成功的願望。學校會盡全力，幫助學生在多元化的學習經歷中，學會學習，建立自信，爭取成功，回饋社會。
聖公會蔡功譜中學,SKH Tsoi Kung Po Secondary School,资助,九龙城,九龍何文田忠孝街101號。,http://tkp.edu.hk,27600463,info@tkp.edu.hk,免費 (資助/官立),DSE,學校秉承基督精神辦學，以「仁愛忠誠」為校訓，著重學生德、智、體、群、美及靈性方面的均衡發展。學校致力培育學生成為有自學精神、文化修養及品格健全的年青人，對家庭、社會、國家及整個世界有責任感和承擔。
賽馬會官立中學,Jockey Club Government Secondary School,官立,九龙城,九龍九龍塘牛津道2號B。,https://www.jcgss.edu.hk,23366761,jcgss@edb.gov.hk,免費 (資助/官立),DSE,致力提供均衡的優質教育，發展學生潛能，達至五育並重；亦注重培養積極的學習態度、多角度的創意思維及正面的人生觀，以面對各種挑戰，從而邁向充實、有意義的人生，成為對社會、對國家有貢獻的國民。
孔聖堂禮仁書院,Academy of Innovation (Confucius Hall),直资,湾仔区,香港加路連山道77號。,https://www.chss.edu.hk,25763415,enquiry@chss.edu.hk,免費 (資助/官立),DSE,孔聖堂禮仁書院由孔聖堂主辦，開設中文班及英文班，以中、英文為主要授課語言的直資中學。孔聖堂並非宗教團體，而是以弘揚儒家思想為教育宗旨的辦學團體。學校以孝、悌、忠、信、禮、義、廉、恥為校訓，希望在此世道日衰的社會，重新檢視中國傳統的道德價值，為社會栽培有道德感的公民，以正社會歪風。故學校除注重知識之傳授與啟發外，更注重內在人格的培養，藏於內者是仁義之心，形於外者則孝悌忠信等道德行為。
鄧肇堅維多利亞官立中學,Tang Shiu Kin Victoria Government Secondary School,官立,湾仔区,香港灣仔愛群道5號。,https://www.tskvgss.edu.hk/,25736962,vgs-email@edb.gov.hk,免費 (資助/官立),DSE,為學生締造愉快和充實的校園生活。讓他們接受均衡的教育，從而培育完整的人格和勇於挑戰的精神。
中華基督教會基協中學,CCC Kei Heep Secondary School,资助,黄大仙,九龍黃大仙東頭村道161號。,https://www.keiheep.edu.hk,23204557,email@keiheep.edu.hk,免費 (資助/官立),DSE,引導學生認識基督真理，鍥而不捨的追求真理，建立正確人生觀。培養學生自律自愛自重自信，回饋社會，服務人群，熱愛國家。提供良好的環境，讓師生共享愉快的校園生活。啟發學生潛能，培養學生的獨立思考及自學能力。
譚李麗芬紀念中學,CCC Tam Lee Lai Fun Memorial Secondary School,资助,屯门区,新界屯門新墟新和里10號。,http://www.tllf.edu.hk,24522422,tll-mail@tllf.edu.hk,免費 (資助/官立),DSE,秉承基督精神，啟發學生潛能，確立人生目標，培養學生明辨是非、自律自愛的能力，建立良好的人際關係，達致終身學習，成為良好公民，貢獻社會。
可藝中學,Ho Ngai College (Sponsored By Sik Sik Yuen),资助,屯门区,新界屯門愛明里8號。,https://www.hongai.edu.hk,24417100,info@hongai.edu.hk,免費 (資助/官立),DSE,秉承嗇色園「普濟勸善」寶訓，以「學生為本」的理想，因材施教，並著重學生五育的均衡發展。
嶺南鍾榮光博士紀念中學,Lingnan Dr Chung Wing Kwong Memorial Secondary School,资助,葵青区,新界葵涌荔景山道。,http://www.ldcwkmss.edu.hk,27439488,cwk@ldcwkmss.edu.hk,免費 (資助/官立),DSE,秉承「嶺南」的傳統辦學精神，提供優質的全人教育；培養學生不斷求進，突破自我，最終成為「才德兼備」的良好公民，並將一己貢獻社會。
李惠利中學,The Methodist Lee Wai Lee College,资助,葵青区,新界葵涌葵葉街2-4號。,http://www.lwlc.edu.hk,24279121,info@lwlc.edu.hk,免費 (資助/官立),DSE,本基督精神，發展全人教育；藉宣講福音，培育豐盛生命。
恩平工商會李琳明中學,YPICA Lee Lim Ming College,资助,屯门区,新界屯門山景邨。,https://www.ypicallmc.edu.hk,24670652,school@mail.ypicallmc.edu.hk,免費 (資助/官立),DSE,學校以「敦品勵學」為校訓，目標是要培養學生孝親愛人，淳樸務實的品格，務使學生在中學階段，掌握基礎知識及技能，培養其終身學習的態度。
救世軍卜維廉中學,Salvation Army William Booth Secondary School,资助,黄大仙,九龍慈雲山毓華街100號。,http://www.wbss.edu.hk,23269068,wbss@hkt.salvationarmy.org,免費 (資助/官立),DSE,學校是個充滿動力的學習社區，並不斷孕育關懷、愛心、尊重、信念、品德及學習的喜悅。
新會商會中學,San Wui Commercial Society Secondary School,资助,屯门区,新界屯門良景邨。,http://www.swcs.edu.hk,24632660,swcs@swcs.edu.hk,免費 (資助/官立),DSE,學校著重學生德、智、體、群、美五育均衡發展，培育學生高尚人格，建立正確人生觀；使其成為熱愛生命，對家庭、社會及國家有承擔和貢獻的良好公民。
新界喇沙中學,"De La Salle Secondary School, N.T.",资助,北区,新界上水金錢村。,http://www.delasalle.edu.hk,26700443,email@delasalle.edu.hk,免費 (資助/官立),DSE,學校相信每個孩子都是獨一無二的，尤其是那些貧窮和需要照顧的孩子，只要透過適切的關顧與教導，必能觸動他們的心靈，發展他們的潛能，實踐基督的忠信仁愛精神。
深培中學,Semple Memorial Secondary School,资助,屯门区,新界屯門兆麟街18號。,http://www.semple.edu.hk,24524702,info@semple.edu.hk,免費 (資助/官立),DSE,以基督精神辦學，服務社群，提供優良學習環境。透過合適課程，使學生在七育（德智體群美情靈）上，得到全面培育，均衡發展，並能終身進取，貢獻社會。
獅子會中學,Lions College,资助,葵青区,新界葵芳興盛路90號。,http://www.lionscollege.edu.hk,26147938,lionscollege@netvigator.com,免費 (資助/官立),DSE,學校貫徹校訓「忠、禮、勤、樸」精神，並主張德、智、體、群、美五育並重的均衡發展，致力培育學生成為盡責任、懂尊重和有良好兩文三語基礎的青年人。
粉嶺官立中學,Fanling Government Secondary School,官立,北区,新界粉嶺一鳴路27號。,http://www.fgss.edu.hk,26776778,fgss@edb.gov.hk,免費 (資助/官立),DSE,學校著重學生德、智、體、群、美五育的發展；以文、行、忠、信為校訓，為學生的升學及就業作準備，並使學生成為負責及良好的公民。
培英中學,Pui Ying Secondary School,资助,南区,香港薄扶林華富道55號華富邨。,http://www.puiying.edu.hk,25503632,info@puiying.edu.hk,免費 (資助/官立),DSE,持守信望愛基督愛人精神，致力啟發學生潛能，發展靈、德、智、體、群、美六育的全人教育，邁向不斷求進的卓越境界。
香港仔工業學校,Aberdeen Technical School,资助,南区,香港香港仔黃竹坑道1號。,http://www.ats.edu.hk,25524141,office@ats.edu.hk,免費 (資助/官立),DSE,以宗教、理智與和愛的方法辦教育，使青年在靈、德、智、體、群和美有均衡發展，並在慈幼家庭的氣氛下透過實踐，積極面對人生，成為良好公民。
馮梁結紀念中學,CCC Fung Leung Kit Memorial Secondary School,资助,大埔区,新界大埔寶湖道22號。,http://www.flk.edu.hk,26516033,info@flk.edu.hk,免費 (資助/官立),DSE,提供全人教育。藉基督教信仰建立價值觀及服務精神。建立自尊感、獨立思考及批判能力和創造潛能。訓練語文能力，學習新科技，為升學就業奠定基礎。
九龍三育中學,Kowloon Sam Yuk Secondary School,直资,油尖旺,九龍旺角界限街52號。,http://www.ksyss.edu.hk,23973181,school@ksyss.edu.hk,免費 (資助/官立),DSE,堅守基督教全人教育方針，協助學生培養基督化的品格，確保學生在靈、智、體三方面得以均衡發展，在追求人生意義、發揮潛能和造福人群上得到充份體驗。
九龍工業學校,Kowloon Technical School,官立,深水埗,九龍深水埗長沙灣道332號。,https://www.kts.edu.hk,23860737,mail@kts.edu.hk,免費 (資助/官立),DSE,學校致力提供優良學習環境及多元化課程，讓學生潛能充分發揮，適應科技轉變與社會發展。貫徹五育並重，學生接受全人教育，確立積極的人生觀。（註：龍翔官立中學將於 2022/23 學年起與九龍工業學校合併。）
官立嘉道理爵士中學,Sir Ellis Kadoorie Secondary School (West Kowloon),官立,油尖旺,九龍大角咀海帆道22號。,http://seksswk.edu.hk,25761871,sekss100@edb.gov.hk,免費 (資助/官立),DSE,尊重多元文化，與時並進，學校旨在為學生提供全人教育，培養學生終身學習的能力，使之成為良好公民，日後能為本港及其他地區作出貢獻。
中華基督教會桂華山中學,CCC Kwei Wah Shan College,资助,东区,香港北角雲景道62號。,https://www.ccckws.edu.hk,25711285,mail@ccckws.edu.hk,免費 (資助/官立),DSE,學校以「仰望神恩、紮穩根基、培育精英、品學齊升、發展潛能、回饋社群、追求卓越、邁向完人」為辦學理念，並以薰陶學生「心繫祖國，面向世界，懷抱天下，終身侍主」為大任。
地利亞修女紀念學校(月華),Delia Memorial School (Yuet Wah),直资,观塘区,九龍觀塘月華街19號。,,23436168,,免費 (資助/官立),DSE,學校以直資模式營運至 2017-2018 學年為止，於 2019 轉營為國際學校：地利亞加拿大學校（東九龍）。本網頁不會再更新，只保留作紀錄之用。
觀塘功樂官立中學,Kwun Tong Kung Lok Government Secondary School,官立,观塘区,九龍觀塘功樂道90號。,,23435071,,免費 (資助/官立),DSE,提供全人教育，使學生得到均衡發展；提供完善的學習設施，協助學生求取全面的知識及技能；幫助學生建立積極的人生觀；鼓勵學生放眼世界，服務社群。
湯國華中學,Queen Elizabeth School Old Students' Association Tong Kwok Wah Secondary School,资助,元朗区,新界天水圍天華路57號。,,26175000,,免費 (資助/官立),DSE,實踐理想承擔使命。教育在於啟發人的良知，追尋及實踐從善之道。人人都可以從教育過程中得以成長向善，以愛和理性應用知識，以情和創意體現生命的美。
新界鄉議局大埔區中學,NT Heung Yee Kuk Tai Po District Secondary School,官立,大埔区,新界大埔大元邨。,,26643032,,免費 (資助/官立),DSE,學校致力培育學生德、智、體、群、美五育的均衡發展，使學生除掌握學科知識外，更能對家庭及社會承擔責任，成為良好公民。
廠商會中學,CMA Secondary School,资助,深水埗,九龍白田南昌街298號。,,27796851,,免費 (資助/官立),DSE,提供全人教育及優質教育。培養學生良好品德修養，建立學生正確的價值觀和積極的人生觀。培育明辨是非和富責任感的良好公民。
路德會呂明才中學,Lui Ming Choi Lutheran College,资助,荃湾区,新界荃灣象山邨。,,24920195,,免費 (資助/官立),DSE,秉承基督教教育精神，六育並重；並發掘學生潛質，過愉快有效之校園生活。
香港道教聯合會青松中學,HKTA Ching Chung Secondary School,资助,观塘区,九龍觀塘秀茂坪曉育徑4號。,,27274315,,免費 (資助/官立),DSE,學校標舉道化教育：以道為宗、以德為化、以修為教、以仁為育。因應青少年的稟賦，提供優質全人教育，為日後貢獻社會紮穩根基。
陳呂重德紀念中學,The Yuen Yuen Institute MFBM Nei Ming Chan Lui Chung Tak Memorial College,资助,元朗区,新界天水圍天瑞邨第1期。,,24458899,,免費 (資助/官立),DSE,學校是以佛陀「慈悲濟世」的精神，推行佛化教育，使學生圓融通達，具備樂觀進取的人生態度，日後適應社會，建立個人事業，進而貢獻社會，利樂人群。
香港教師會李興貴中學,Hong Kong Teachers' Association Lee Heng Kwei Secondary School,资助,大埔区,新界大埔運頭塘邨。,,26317556,,免費 (資助/官立),DSE,為實踐「敦品力學智仁勇」的校訓，除了傳授學生課堂知識及技能外，亦透過通識教育、公民教育、課外活動等，使學生明紀律、辨是非，成為有責任感的公民。
東華三院馬振玉紀念中學,TWGHs C Y Ma Memorial College,资助,元朗区,新界元朗坳頭友善街。,,24439833,,免費 (資助/官立),DSE,學校本著全人教育的信念，注重學生個人性向的發展，發掘學生的潛能，培養學生的共通能力。學校亦致力維持優良校風，培養學生的紀律和德行，並通過愉快及有效的多元學習經歷，讓學生領略／感受，增強自信。
明愛柴灣馬登基金中學,Caritas Chai Wan Marden Foundation Secondary School,资助,东区,香港柴灣新廈街330號。,,25584133,,免費 (資助/官立),DSE,以學生為本，提供全人教育，讓學生在德、智、體、群、美、靈方面均衡發展。為不同學習性向及能力的學生提供發展潛能機會，配合升學及就業需要。
筲箕灣東官立中學,Shau Kei Wan East Government Secondary School,官立,东区,香港筲箕灣柴灣道40號。,,25600887,,免費 (資助/官立),DSE,致力為學生提供完善的學習環境，使學生在德、智、體、群、美及情緒方面皆能成長；並協助學生自我完善，發展潛能，確立目標，實踐有意義的人生。
青松侯寶垣中學,Ching Chung Hau Po Woon Secondary School,资助,屯门区,新界屯門恆富街21號。,,24577154,,免費 (資助/官立),DSE,提倡不斷學習與進步的文化，主張五育並重、因材施教、發掘潛能、積極進取、自尊自強、才德兼備、盡責承擔、關心社會、愛護國家、服務社群的人文精神。
萬鈞伯裘書院,Man Kwan Pak Kau College,直资,元朗区,新界天水圍天華路51號。,,24482122 24482960（问学位）,,免費 (資助/官立),DSE,以學生為本，貫徹「人人可教」的信念，發揮「積極輔導」的原則，培育學生獨立思考力及承擔感；對學生「不離不棄」，讓學生在關愛的學習環境愉快成長。
賽馬會萬鈞毅智書院,Jockey Club Man Kwan EduYoung College,资助,元朗区,新界天水圍天頌苑。,,24472322,,免費 (資助/官立),DSE,學校抱著「人人可教」的信念，致力推行以學生為本的全人教育。學校透過熱誠專業的學校管理與教師隊伍，創造優質學校文化及和諧關懷的學習環境，全面照顧不同能力及特性的學生需要及實踐優質和高增值教育。
聖士提反堂中學,St. Stephen's Church College,资助,中西区,香港薄扶林薄扶林道62號。,,25466111,,免費 (資助/官立),DSE,提供基督化全人教育，著重學生德、智、體、群、美和靈性六方面的培育；並幫助學生了解自己之天賦與能力，以提升其個人的質素，俾能發揮所長，服務社群，榮耀上帝。
陳南昌紀念中學,HKSYC&IA Chan Nam Chong Memorial College,资助,葵青区,新界葵涌敬祖路12號祖堯邨。,,27410326,,免費 (資助/官立),DSE,學校以「興學育才」的精神辦學，務使適齡青少年能就學，讀書而明理，培育「忠、恕、勤、敏」的良好品格，進而達到宣張我國禮、義、廉、恥四維的目標。
曾璧山(崇蘭)中學,Tsang Pik Shan (Sung Lan) Secondary School,资助,沙田区,新界沙田馬鞍山恆光街12號。,,26404933,,免費 (資助/官立),DSE,學校以有教無類、作育英才為辦學理想，關注學生德智體群美各方面發展，訓練其獨立思考及分析能力，使其成為品德與知識兼備的公民。
西貢崇真天主教學校,Sai Kung Sung Tsun Catholic School (Secondary Section),资助,西贡区,新界西貢普通道A-E座。,,27926712,,免費 (資助/官立),DSE,秉承天主教教育宗旨，著重靈性培育，引導學生體驗福音精神，身體力行，實踐信仰；以「謙、愛、勤、誠」訓勉並鼓勵學生積極自學，發展潛能，實現自我。
樂道中學,Lock Tao Secondary School,资助,沙田区,新界沙田美林邨。,,26021000,,免費 (資助/官立),DSE,秉承校訓「誠信好學」的精神，致力為學生提供德、智、體、群、美、靈的教育為辦學宗旨。培養學生的品德和基督教價值觀；鼓勵學生發揮潛能，勇於承擔，積極進取，服務社會。
香港聖瑪加利女書院,"St. Margaret's Girls' College, Hong Kong",直资,沙田区,新界大圍美林邨美田路。,,25490301,,免費 (資助/官立),DSE,聖瑪加利女書院已於 2019 年停辦。本網頁不會再更新，只保留作紀錄之用。
香海正覺蓮社佛教正覺中學,HHCKLA Buddhist Ching Kok Secondary School,资助,西贡区,新界將軍澳調景嶺翠嶺路38號。,,22463383,,免費 (資助/官立),DSE,本著佛化教育的精神和時代需要，致力發展學生的多元潛能，培育德、智、體、群、美、靈六育方面的發展，使其堅毅自信，德才兼備，俾能貢獻社會，造福人群。
北角協同中學,Concordia Lutheran School (North Point),资助,湾仔区,香港雲景道20號。,,25700331,,免費 (資助/官立),DSE,實踐基督全人教育，讓學生在關愛環境中成長，發揮潛能，培育積極人生觀，貢獻社會。
圓玄學院第一中學,HKTA The Yuen Yuen Institute No.1 Secondary School,资助,葵青区,新界葵涌和宜合道42號。,,24271641,,免費 (資助/官立),DSE,秉承「以道為宗、以德為化、以修為教、以仁為育」的辦學宗旨，培養學生明道立德、敦品勵行、熱愛學習、認識祖國、關心香港、成為對個人、家庭、社會、國家及全人類負責任的人。
馬陳端喜紀念中學,MKMCF Ma Chan Duen Hey Memorial College,资助,西贡区,新界將軍澳運隆路2號。,,27067477,,免費 (資助/官立),DSE,學校秉承基督化教育的辦學精神，強調品格與知識並重，在正規課程外，亦透過不同的活動及學習方式，促進學生靈、德、智、體、群、美等六育全人發展。
龍翔官立中學,Lung Cheung Government Secondary School,官立,黄大仙,九龍黃大仙馬仔坑道1號。,,23234202,,免費 (資助/官立),DSE,「人人有潛能，個個可成功」學校會致力營造健康、和諧、關懷和充滿學習氣氛的校園，協助學生學會學習、發揮潛能、建立自信，積極進取，回饋國家。（註：龍翔官立中學將於 2022/23 學年起與九龍工業學校合併，學校將於 2024/25 學年停止營辦。）
上水官立中學,Sheung Shui Government Secondary School,官立,北区,新界上水百和路21號。,,26680628,,免費 (資助/官立),DSE,學校致力提供優良的學習環境，使學生在德、智、體、群、美五方面得到均衡發展，並發揚校訓「愛、健、忠、勤」的精神，從而為社會培養才德兼備的公民。
佛教沈香林紀念中學,Buddhist Sum Heung Lam Memorial College,资助,屯门区,屯門大興邨屋邨中學第一號。,,24377000,,免費 (資助/官立),DSE,秉承校訓「明智顯悲」的精神，教育學生六育並重，令學生知自愛、明責任，建立正確人生觀，發揮潛能，使能學以致用，與時並進，服務社會，貢獻國家。
加拿大神召會嘉智中學,PAOC Ka Chi Secondary School,资助,屯门区,新界屯門湖翠路273號。,,24413818,,免費 (資助/官立),DSE,學校本著基督的精神，在與家庭及社區的共同努力下，培育學生訂立人生方向，並在任何環境中能適應發展，以活出生命意義，享受生活歷程，燃亮他人生命。
廠商會蔡章閣中學,CMA Choi Cheung Kok Secondary School,资助,屯门区,新界屯門青海圍1號。,,24580936,,免費 (資助/官立),DSE,以校訓「誠信勤毅」為經，六育「德智體群美勞」為緯，將基礎教育與工商業知識相結合，致力培養學生成為自律守紀、有正義感、適應力強的公民。
明愛屯門馬登基金中學,Caritas Tuen Mun Marden Foundation Secondary School,资助,屯门区,新界屯門旺賢街3號。,,24610304,,免費 (資助/官立),DSE,貫徹明愛精神，在愛德服務中帶來希望，推行普及教育。以學生為主體，因應學生升學及就業的需要，為不同學習性向及能力的學生提供全人教育，成為勇於承擔的良好公民。配合專業及專上教育，促進社會多元化的發展。
明愛聖若瑟中學,Caritas St. Joseph Secondary School,资助,葵青区,新界青衣青衣邨第2期。,,24331282,,免費 (資助/官立),DSE,以學生為主體，發展學生不同的學習性向及潛能，肯定並鼓勵全人教育及均衡發展，引領學生認識天主並建立正確的價值觀，體驗及發揚明愛精神。
棉紡會中學,Cotton Spinners Association Secondary School,资助,葵青区,新界葵涌葵盛圍350號。,,24220028,,免費 (資助/官立),DSE,本著「因材施教」精神，讓學生各盡所能，各展所長。致力幫助學生發展語文及資訊科技能力，為終身學習奠定基礎。另著重培養學生品德，使成為良好公民。
樂善堂王仲銘中學,Lok Sin Tong Wong Chung Ming Secondary School,资助,黄大仙,九龍樂善道161號。,,23820002,,免費 (資助/官立),DSE,以仁、愛、勤、誠的價值為校訓。學校培養學生自主學習的能力，透過課程創新及電子學習，讓學生在愉快學習的土壤中，拙壯地成長。
佛教慧因法師紀念中學,Buddhist Wai Yan Memorial College,资助,离岛区,長洲大興堤路25號。,,29810188,,免費 (資助/官立),DSE,佛教慧因法師紀念中學自 2020/21 學年不再錄取中一新生，於 2022 年暑假結束。本網頁不會再更新，只保留作紀錄之用。
聖公會李炳中學,SKH Li Ping Secondary School,资助,荃湾区,新界葵涌和宜合道450號。,,24238806,,免費 (資助/官立),DSE,學校除闡揚基督真理外，教育目的在於培養學生全面發展，實施全人教育，包括德育、智育、體育、群育、美育及靈育各方面。校方希望學生能坦誠、自律、明辨是非、有愛心、有目標、有適應力，對個人、家庭、學校以致社會都能盡責，成為良好公民，回饋社會。
保良局慧妍雅集書院,PLK Wai Yin College,资助,南区,香港香港仔田灣山道2號。,,25524332,,免費 (資助/官立),DSE,保良局慧妍雅集書院在 2012 學年停收中一新生，至 2016 學年正式停辦。本網頁不會再更新，只保留作紀錄之用。
釋慧文中學,Shi Hui Wen Secondary School,资助,屯门区,新界屯門良才里2號。,,24615067,,免費 (資助/官立),DSE,釋慧文中學於 2012 學年停收中一新生，至 2017 學年正式停辦。本網頁不會再更新，只保留作紀錄之用。
鐘聲慈善社胡陳金枝中學,Chung Sing Benevolent Society Mrs Aw Boon Haw Secondary School,资助,屯门区,新界屯門兆麟街20號。,,24524688,,免費 (資助/官立),DSE,有教無類，因材施教；秉承以善心興學，愛心育才的服務宗旨。同心同德，提供專業服務，並與家長彼此攜手合作，確保學生真正享受具實際學習效益、自律自愛、且健康愉快的學校生活。
地利亞修女紀念學校(吉利徑),Delia Memorial School (Glee Path),直资,深水埗,九龍美孚吉利徑1-3號。,,27415239,,免費 (資助/官立),DSE,貫徹「有教無類」的精神，以全人教育為宗旨，啟發學生潛能，使學生德、智、體、群、美五育均衡發展，並且擴闊視野，放眼世界，愉快健康地成長。
佛教筏可紀念中學,Buddhist Fat Ho Memorial College,直资,离岛区,大嶼山大澳大澳道99號。,,29855365,,免費 (資助/官立),DSE,本著「有教無類」的精神，提供全人優質教育；以「學生為本」，透過鼓勵和支持，讓每一位學生的潛能得以發揮，盡展所長。
天主教南華中學,Nam Wah Catholic Secondary School,资助,深水埗,九龍深水埗永明街5號。,,27411174,,免費 (資助/官立),DSE,學校秉承天主教辦學宗旨，弘揚基督精神，培育學生完整人格；營造關愛校園，協助學生握多元知識，促進學生盡展天賦潛能，開拓美好人生。
大埔官立中學,Tai Po Government Secondary School,官立,大埔区,新界大埔安邦路12號。,,26653025,,免費 (資助/官立),DSE,自 2014 學年起，大埔官立中學正式與新界鄉議局大埔區中學合併。本網頁不會再更新，只保留作紀錄之用。
地利亞修女紀念學校(協和二中),Delia Memorial School (Hip Wo No.2 College),直资,观塘区,九龍觀塘協和街223號。,,23896299,,免費 (資助/官立),DSE,學校以「全人教育」為目標，提供適切的課程及資訊科技設施，啟導學生的創意、潛能與自學能力，讓學生成為積極自信、主動學習和富有責任感的良好公民。
惠僑英文中學,Wai Kiu College,直资,深水埗,九龍石硤尾偉智街17號。,,27776289,,免費 (資助/官立),DSE,學校以「全人教育」為辦學理念，在傳授知識技能之同時，亦注重培養學生的品德、抗逆力及獨立思考能力，協助他們養成積極進取的人生觀。
佛教茂峰法師紀念中學,Buddhist Mau Fung Memorial College,资助,元朗区,新界天水圍天柏路18號。,,24457171,,免費 (資助/官立),DSE,學校秉承佛教聯合會的辦學方針，以「明智顯悲」為校訓，致力啟發同學的智慧，培養他們的慈悲心。
天主教培聖中學,Pui Shing Catholic Secondary School,资助,元朗区,新界天水圍天河路9號。,,24450800,,免費 (資助/官立),DSE,以天主教全人教育理念，致力提供優質教育；鼓勵學生主動學習，獨立思考及追求卓越；培養學生自律能力，使學生成為良好公民。
香港航海學校,Hong Kong Sea School,资助,南区,香港赤柱東頭灣道13-15號。,,28131561,,免費 (資助/官立),DSE,發揮學生個人、學術及技能各方面潛能，裝備學生，以便畢業後於海事相關工作或其他行業，盡忠職守，並善於處事待人。學校亦積極推廣水上活動。
天主教普照中學,Po Chiu Catholic Secondary School,资助,观塘区,九龍油塘普照路1號。,,23479928,,免費 (資助/官立),DSE,學校在基督信仰的氛圍下，去進行教育工作，以耶穌基督的言行作為學校的行事標準，接納、欣賞和尊重天主賦予個人的獨特性。
香港紅卍字會大埔卍慈中學,Hong Kong Red Swastika Society Tai Po Secondary School,资助,大埔区,新界大埔富亨邨。,,26666821,,免費 (資助/官立),DSE,秉承香港紅卍字會辦學宗旨，注重五育均衡發展；施教重啟發、善誘導、嚴紀律，以期培育造福社群之有為青年，實現「卍慈學子，邦國之珍」之崇高理想。
仁濟醫院董之英紀念中學,Yan Chai Hospital Tung Chi Ying Memorial Secondary School,资助,沙田区,新界沙田馬鞍山馬鞍山路210號。,,26409822,,免費 (資助/官立),DSE,秉承「尊仁濟世」，因應學生需要，提供多元化及專業課程；因材施教，啟發潛能，培育思考與創新能力，建立優良品格。
明愛馬鞍山中學,Caritas Ma On Shan Secondary School,资助,沙田区,新界沙田馬鞍山錦英路2號。,,26419733,,免費 (資助/官立),DSE,學校以學生為主體，配合專業及專上教育或就業的需要，為不同學習性向及能力的學生提供發展潛能的機會；以及肯定並鼓勵全人教育及均衡發展，引領學生認識並建立天主教價值觀，體現及發揚明愛精神。（註：中學設有宿舍，接受學生申請入住，由班主任或學校社工協助轉介。）
明愛元朗陳震夏中學,Caritas Yuen Long Chan Chun Ha Secondary School,资助,元朗区,新界元朗西裕街66號。,,24755432,,免費 (資助/官立),DSE,信仰基督，施行全人教育。著重品格培養，幫助不同性向和能力的學生發展潛能。以愛德關顧學生，培育天主教價值觀，仁愛包容，積極上進，發揚明愛精神。
東華三院郭一葦中學,TWGHs Kwok Yat Wai College,资助,元朗区,新界天水圍聚星路3號。,,24471258,,免費 (資助/官立),DSE,本著全人教育、五育並重的理念，藉著成功教育的施行方針創造環境，讓學生經歷成功，並致力培養學生發展潛能和通用能力，掌握不同學習領域的知識、兩文三語和資訊科技能力、建立正確人生觀和持續學習態度。
港九潮州公會馬松深中學,Hong Kong and Kowloon Chiu Chow Public Association Ma Chung Sum Secondary School,资助,沙田区,新界沙田博康邨。,,26353633,,免費 (資助/官立),DSE,創校 26 年的沙田港九潮州公會馬松深中學，因收生不足，於 2015 年停辦。本網頁不會再更新，只保留作紀錄之用。
佛教志蓮中學,Chi Lin Buddhist Secondary School,资助,黄大仙,九龍鑽石山志蓮道9號。,,23218511,,免費 (資助/官立),DSE,秉承佛教慈悲喜捨、信解行證的精神，與家長及社區攜手建立一個良好的學習環境。透過富啟發性的課程及活動，讓學生在愉快的環境中學習，全面培養學生的良好品格。發展學生多方面的潛能，提高學習興趣，更期望他們能積極面對人生及融入社群。（備註：學校主要取錄有嚴重學習困難的學生。學生完成中三或中六後，可報讀職前或技能訓練課程，亦可按能力參加有關考試以獲取認可資歷、繼續進修或就業。）
國際基督教優質音樂中學暨小學,International Christian Quality Music Secondary and Primary School,私立,黄大仙,九龍鑽石山蒲崗村道182號。,,27773828,,免費 (資助/官立),DSE,學校是全港首間一條龍優質音樂中小學，提供基督教優質教育和優質音樂教育，使學生在聖經真理及音樂的薰陶下，不但有良好的學術修養、豐富的創意，更有良好的音樂文化氣質、道德操守、使命感，願意獻身社會及教會。（學校參與「私立獨立學校計劃」）
東華三院鄺錫坤伉儷中學,TWGHs Mr & Mrs Kwong Sik Kwan College,资助,屯门区,新界屯門松齡徑。,,24699010,,免費 (資助/官立),DSE,秉承東華三院一貫的辦學精神，為青少年提供「全人教育」，使他們日後成為良好公民，勉勵他們拓展豐盛而有意義的人生。（備註：學校取錄有嚴重學習困難的學生。學生完成中三或中六後，可報讀職前或技能訓練課程，亦可按能力參加有關考試以獲取認可資歷、繼續進修或就業。）
神召會德萃書院,Assembly of God St. Hilary's College,私立,黄大仙,九龍慈雲山蒲崗村道91號。,,23380701,,免費 (資助/官立),DSE,神召會馬理信書院是竹園區神召會主辦的一所基督教非牟利學校。學校秉承基督精神辦學，重視學生全人發展，提供充滿愛心的學習環，強調良好之師生關係，進德修業，訓練良才，服務社會。
明愛華德中書院,Caritas Charles Vath College,直资,离岛区,大嶼山東涌松逸街4號。,,29888821,,免費 (資助/官立),DSE,學校專責開辦高中課程，招收中三以上學生，幫助他們提升持續進修及專業發展能力，重設生涯規劃，並透過常規或明愛直通銜接階梯持續升學，讓年輕人在成長及學習歷程中體會知識、專業、仁愛及真理，充分發揮他們的才能以致獲得更高的個人成就及生活上的和諧。（註：明愛華德中書院將於 2024 年 9 月停收中四，與南區明愛胡振中中學合併，由直資轉為資助中學。）
炮台山循道衞理中學,Fortress Hill Methodist Secondary School,资助,东区,香港北角炮台山道19號。,,25107688,,免費 (資助/官立),DSE,本基督精神，發展全人教育。藉宣講福音，培育豐盛生命。著重實用教育之推行，使學生學習實際的技能並發揮本身的潛能。（備註：學校主要取錄有嚴重學習困難的學生。學生完成中三或中六後，可報讀職前或技能訓練課程，亦可按能力參加有關考試以獲取認可資歷、繼續進修或就業。）
茵維特中學,Invictus Secondary School,私立,东区,香港柴灣大潭道188號。,,64833506,,免費 (資助/官立),DSE,"2019 年在港成立的茵維特學校來自新加坡，在全球有 12 間分校，當中包括柬埔寨、中國內地及香港等，除了將軍澳的幼稚園部、小學部，上年選址柴灣開設中學部，並已獲發教育局註冊證明，實行幼小中一條龍升學。而 Invictus Secondary School 專為本地及外籍人士提供 7-13 年級課程，本地生和外籍生約各佔一半，教學採用 3 項劍橋課程，分別是劍橋初中課程（the Cambridge Lower Secondary）、劍橋的國際普通中學教育證書課程（the International General Certificate of Secondary Education, IGCSE）及劍橋的國際高中高級課程（the International A-Levels, IAL），課程目標為培養樂觀負責任、勇於創新、勤學善問、自信主動和擁有世界觀的學生。"
弘立書院,The Independent Schools Foundation Academy,私立,南区,香港薄扶林鋼綫灣道1號。,,22022031,,免費 (資助/官立),DSE,弘立書院是一所獲國際認證、非牟利、私立、獨立的國際文憑世界學校。本校提供小學及中學一條龍課程，遵循以探究為本的學習方式，提供中文（普通話）及英文雙語沉浸式教育。弘立書院植根於中國文化，並具有國際視野。（學校參與「私立獨立學校計劃」）
崇正中學,Tsung Tsin Middle School,私立,深水埗,九龍深水埗廣利道11號。,,23878228,,免費 (資助/官立),DSE,"崇正中學為香港崇正總會屬下之中學，於 2018 年與英國牛津國際公學合作，提供國際中學課程（IGCSE Year 7-11 至預科 Year 12-13）。Year 7-9 全年學費 $133,000，Year 10-11 全年學費 $148,000，Year 12-13 全年學費 $155,000。"
香港兆基創意書院,HKICC Lee Shau Kee School Of Creativity,直资,九龙城,九龍聯合道135號。,,21809595,,免費 (資助/官立),DSE,致力透過博雅和薈藝教育，為香港培育具有創意、批判力、關心人、關心社會的年青人，讓他們在創意工業和文化藝術蓬勃發展的新時代發展所長。
智新書院,Discovery College,私立,离岛区,大嶼山愉景灣澄湖畔路38號。,,39691000,,免費 (資助/官立),DSE,智新書院是一所國際文憑學校，提供完整的國際預科文憑（IB）課程，包括小學課程、中學課程和文憑課程。學校的宗旨為 Grow Discover Dream，學校認同需要培育學生學會獨立、具備批判及創新思考，同時具備所需技能、態度及價值觀，為我們身處這個日益複雜的世界作出貢獻。智新書院採用英語作為教與學的媒介，同時也強調學生應該掌握中國語言（普通話）作為第二語言。學校積極支持表演和創作藝術。智新書院是一所私營獨立學校，並無分招生地區，來自港、九及新界的學生均可報讀。（學校參與「私立獨立學校計劃」）
滬江維多利亞學校,Victoria Shanghai Academy,私立,南区,香港仔深灣道19號。,,34021100,,免費 (資助/官立),DSE,滬江維多利亞學校提倡國際視野，引領學生追求知識、技巧及建立正面的價值觀，並在雙語及關愛的環境中發展終身學習的能力。（學校參與「私立獨立學校計劃」）
保良局莊啟程預科書院,PLK Vicwood KT Chong Sixth Form College,资助,油尖旺,九龍大角咀柳樹街12號。,,23905010,,免費 (資助/官立),DSE,全港唯一的資助高中書院，培育學生的五育發展，並幫助學生考入大學和融入大學校園生活。提供廣闊及均衡的新高中課程，兼容各範疇的選修科。與保良局唐乃勤初中書院結為「一條龍」資助中學，入讀唐乃勤初中書院的中一學生，在完成初中課程後可升讀此書院的中四級。
大光德萃書院,Tai Kwong Hilary College,私立,大埔区,新界大埔錦山178號。,,23389186,,免費 (資助/官立),DSE,德萃教育機構自 2015 年創立，至今已開辦及營運三間幼稚園、三間小學和一間中學。校方於 2020 年 9 月開辦非牟利私立英文男女中學「大光德萃書院」，為幼小中提供一條龍教育服務。校長張毅提到，註冊中的大光德萃書院將會成為本地唯一一間，推行 IB（國際教育文憑）及 GCE A Level（英國高考）的中學，畢業生在報讀本地大學或到海外不同國家升學均有優勢。
一諾中學,Inno Secondary School,私立,观塘区,九龍油塘崇山街8號曦臺1樓。,,26956988,,免費 (資助/官立),DSE,由啟迪教育集團有限公司開辦的一諾中學，是一所為七到十三年級學生提供全日制國際課程的私立中學。提倡把學校變為學習中心、標準化變為個人化的未來學習模式。除了多元化的國際課程，學校亦為學生提供一系列豐富的校園體驗，包括戶外挑戰週、週末短途旅行等，以協助學生發掘興趣並提供職業體驗，務求讓學生在中學階段已能發掘未來的發展方向。
示昕學校,Shema Academy,私立,观塘区,九龍觀塘偉業街182號。,,35860107,,免費 (資助/官立),DSE,示昕學校為香港教育局註冊的私立中小學。學校的使命旨在興起誠信正直的一代，以神兒女的身份和權柄去影響世界，成為歷史締造者。學術方面，學校採用 Accelerated Christian Education（A.C.E.）課程；並為學生提供生命教育。
漢鼎書院,Han Academy,私立,南区,香港仔黃竹坑道33-35號。,,39986300,,免費 (資助/官立),DSE,以中國傳統文化價值觀為靈魂，以國際課程體系為骨架，以中英文雙母語教學、STEM 教育、體驗式學習等等為身軀，培養仁愛、博雅、樂生的學子，使之延續民族文化血脈，並能以其對多元文化的理解和尊重、獨立創新的素質和實踐能力，為將來構築更加和平美好的世界做出自己的貢獻。肩負這一神聖使命的一所全新的學校。漢鼎書院於 2017 年開辦 1-10 年級課程。
柯士甸學校,Austin School,私立,油尖旺,九龍柯士甸道好兆年行。,,27111168,,免費 (資助/官立),DSE,柯士甸學校在 2022 年 5 月創校，寬敞的校舍座落於尖沙咀柯士甸道好兆年行，二及三樓全層為課室、活動室、實驗室、圖書館及禮堂。學校提供中小學第 1-13 班課程，學生可由小學部直升中學部。以學生為本，致力創造友善與關懷的學習環境，並承諾提供最優質的教育，讓學生在德育及學術上得以平衡發展。期盼學生畢業後懷着自信和能力，擁抱終身學習的熱誠，追尋目標和理想。課程揉合英國國家課程及劍橋國際探究式學習特色；高年級修讀 IGCSE 和 A-LEVEL 課程。
香港墨爾文國際學校,Malvern College Hong Kong,私立,大埔区,新界大埔科進路3號。,,38984699,,免費 (資助/官立),DSE,"位於大埔白石角、在科學園附近的香港墨爾文國際學校，早年獲教育局批出地皮興建校舍，經過約兩年後工程大致完成。學校於 2018 年 8 月 27 日開學，校舍料可容納中小學部 1,000 人，但首階段約招收 350 至 400 位小學及初中生，第一至二年級佔數最多，各開 4 至 6 班。校方指，會以循序漸進方式，4 年後開辦至 13 級。小學全年 10 期學費為 16 萬元，中學則為 18.2 萬元。"
路德會官塘書院,Kwun Tong Lutheran College,私立,观塘区,九龍觀塘馬蹄徑2號。,,23671111,,免費 (資助/官立),DSE,路德會官塘書院及夜校為香港路德會主辦之直屬私立中學，教育局註冊之非牟利教育機構。書院推出多元化的課程及不同類型的教育服務。秉承基督教教育的辦學精神，除注重傳授知識，更重視培養德行靈性，除正規課程外，透過各種類型活動及學習，使學生在靈、德、智、體、群、美、六育得以並進，建立正確人生觀，學業和個人成長都獲得適當輔助。
瑪利亞書院,RSEFHK Maria College,私立,油尖旺,九龍太子彌敦道788-790號2樓。,,23615147,,免費 (資助/官立),DSE,擁有四十年歷史的私立中學瑪利亞書院，成立於 1976 年，一直肩負著「人人能學、因材施教」的辦學宗旨，為不同階層人士提供進修機會。在過去的歲月裡，書院培育了數以萬計的高中畢業生，他們各自在社會不同的崗位上發揮所長，貢獻社會。隨著社會對學歷要求日益提高，瑪利亞書院將與時並進，貫徹辦學理念，繼續提供優質教學服務。
香港復臨學校,Hong Kong Adventist Academy,私立,西贡区,西貢清水灣道1111號。,,26230034,,免費 (資助/官立),DSE,復臨學校是一條龍中小學，同址還有開辦大專課程的香港三育書院，校舍及環境非常優美。香港復臨學校跟其他姊妹學校一樣，都有一個宗旨，就是提供全人教育，照顧學生在品格、學業、身心都有均衡發展。高中學生更可以在中英數、通識等主科以外選修美國選修課程。
啓新書院,Renaissance College Hong Kong,私立,沙田区,新界沙田馬鞍山恆明街5號。,,35563556,,免費 (資助/官立),DSE,啟新書院是一間在香港馬鞍山的私立學校，有小學和中學部，由英基學校協會創辦。啟新書院是英基學校協會首間、亦是香港首間提供國際文憑組織小學及中學課程的學校，能銜接國際文憑大學預科課程。（學校參與「私立獨立學校計劃」）
香島華德福學校,Island Waldorf School of Hong Kong,私立,中西区,香港皇后大道西455號龍暉花園。,,51141451,,免費 (資助/官立),DSE,香港島首間華德福學校，採用華德福教育哲學，以兒童發展為本，栽培身（意志）、心（情感）、腦（思考）成長的全人教育。學校於 2017 年 9 月開學，提供優質華德福教育予 5-11 歲學童。學校與 Highgate House School 幼稚園有緊密聯繫。
香港紫荊書院,Hong Kong Bluebell College,私立,观塘区,九龍灣偉業街33號德福廣場。,,37531610,,免費 (資助/官立),DSE,學校鍾情英國會考課程，首先基於其全球大學的認受性，第二是其公開和透明度，最後由於其明確的專注範圍「只需要三門成績報考大學」。學子可以透過一年最多三次的國際公開考試機會，不斷向著自己的心儀大學，提高成績，確保入讀自己理想的學府和專業。學校希望學子能夠立足香港，放眼世界，進行規範的、科學與民族共融的全面發展，從而收穫豐盛的人生。
中華基督教會公理書院,CCC Kung Lee College,直资,湾仔区,香港銅鑼灣大坑徑17號。,,25775778,,免費 (資助/官立),DSE,中華基督教會公理高中書院的使命是為學生提供一個富有挑戰和充滿關懐的學習環境，以培養他們成為滿有自信的年青人，鼓勵他們不斷終身學習；並且以基督教的價值觀薰陶和塑造他們成為對社會深具責任感的人才。
香港道爾頓學校,Dalton School Hong Kong,私立,油尖旺,九龍大角咀海輝道10號瓏璽1-2樓。,,36124660,,免費 (資助/官立),DSE,香港道爾頓學校是一所揉合中國傳统文化智慧與世界聞名之道爾頓教育計劃的非牟利雙語（普通話、英語）學校。全校以融匯中西尖端教育科硏為主導，並結合北京清華附屬小學穩固精妙的中國語文課程，再輔以德智體群美的督導效應，在一切以孩子為中心的教學相長大環境下，透過各樣探究、協作和自主學習，啓迪學生智慧潛藏，培育學生開拓社群和洽共處，成就個人高尚品格，以至擁有靈活獨立自主的人生。